-- phpMyAdmin SQL Dump
-- version 5.2.1
-- https://www.phpmyadmin.net/
--
-- Host: localhost
-- Generation Time: May 29, 2024 at 02:44 PM
-- Server version: 8.0.31
-- PHP Version: 7.4.33

SET SQL_MODE = "NO_AUTO_VALUE_ON_ZERO";
START TRANSACTION;
SET time_zone = "+00:00";


/*!40101 SET @OLD_CHARACTER_SET_CLIENT=@@CHARACTER_SET_CLIENT */;
/*!40101 SET @OLD_CHARACTER_SET_RESULTS=@@CHARACTER_SET_RESULTS */;
/*!40101 SET @OLD_COLLATION_CONNECTION=@@COLLATION_CONNECTION */;
/*!40101 SET NAMES utf8mb4 */;

--
-- Database: `webbanhang`
--

-- --------------------------------------------------------

--
-- Table structure for table `tbl_hangsx`
--

CREATE TABLE `tbl_hangsx` (
  `id_hangsx` int NOT NULL,
  `name_hangsx` varchar(255) CHARACTER SET utf8mb4 COLLATE utf8mb4_general_ci NOT NULL,
  `ma_cha` int DEFAULT NULL
) ENGINE=InnoDB DEFAULT CHARSET=utf8mb4 COLLATE=utf8mb4_general_ci;

--
-- Dumping data for table `tbl_hangsx`
--

INSERT INTO `tbl_hangsx` (`id_hangsx`, `name_hangsx`, `ma_cha`) VALUES
(1, 'Dell Inspiron', 1),
(2, 'Dell Vostro', 1),
(3, 'Dell XPS ', 1),
(4, 'Lenovo Thinkpad', 2),
(5, 'MSI GL63', 3),
(6, 'MSI GamingMSI Gaming', 3),
(7, 'Lenovo Legion', 2);

-- --------------------------------------------------------

--
-- Table structure for table `tbl_loaisp`
--

CREATE TABLE `tbl_loaisp` (
  `id_loaisp` int NOT NULL,
  `name_loaisp` varchar(128) CHARACTER SET utf8mb4 COLLATE utf8mb4_general_ci NOT NULL
) ENGINE=InnoDB DEFAULT CHARSET=utf8mb4 COLLATE=utf8mb4_general_ci;

--
-- Dumping data for table `tbl_loaisp`
--

INSERT INTO `tbl_loaisp` (`id_loaisp`, `name_loaisp`) VALUES
(1, 'Dell'),
(2, 'Lenovo'),
(3, 'MSI');

-- --------------------------------------------------------

--
-- Table structure for table `tbl_oder`
--

CREATE TABLE `tbl_oder` (
  `oder` int NOT NULL,
  `fullName` varchar(255) CHARACTER SET utf8mb4 COLLATE utf8mb4_general_ci DEFAULT NULL,
  `email` varchar(255) CHARACTER SET utf8mb4 COLLATE utf8mb4_general_ci DEFAULT NULL,
  `phone` varchar(255) CHARACTER SET utf8mb4 COLLATE utf8mb4_general_ci DEFAULT NULL,
  `address` varchar(255) CHARACTER SET utf8mb4 COLLATE utf8mb4_general_ci DEFAULT NULL,
  `dateOder` datetime DEFAULT NULL,
  `ptvc` int DEFAULT NULL,
  `pttt` int DEFAULT NULL,
  `tongTien` float(255,0) DEFAULT NULL,
  `status` tinyint DEFAULT NULL
) ENGINE=InnoDB DEFAULT CHARSET=utf8mb4 COLLATE=utf8mb4_general_ci;

--
-- Dumping data for table `tbl_oder`
--

INSERT INTO `tbl_oder` (`oder`, `fullName`, `email`, `phone`, `address`, `dateOder`, `ptvc`, `pttt`, `tongTien`, `status`) VALUES
(133, 'phạm trần quang thắng', 'phamtranquangthang30@gmail.com', '0937641656', '88/26 Phan Sào Nam, phường 11, quận Tân Bình', '2024-05-29 08:48:05', 1, 1, 26571000, 0),
(134, 'phạm trần quang thắng', 'phamtranquangthang30@gmail.com', '0937641656', '88/26 Phan Sào Nam, phường 11, quận Tân Bình', '2024-05-29 08:49:41', 1, 1, 52745500, 1),
(135, 'phạm trần quang thắng', 'phamtranquangthang30@gmail.com', '0937641656', '88/26 Phan Sào Nam, phường 11, quận Tân Bình', '2024-05-29 10:45:04', 1, 1, 169653200, 1),
(136, 'phạm trần quang thắng', 'phamtranquangthang30@gmail.com', '0937641656', '88/26 Phan Sào Nam, phường 11, quận Tân Bình', '2024-05-29 10:53:23', 1, 1, 78603504, 1),
(137, 'phạm trần quang thắng', 'phamtranquangthang30@gmail.com', '0937641656', '88/26 Phan Sào Nam, phường 11, quận Tân Bình', '2024-05-29 10:59:03', 1, 1, 105827504, 1),
(138, 'phạm trần quang thắng', 'phamtranquangthang30@gmail.com', '0937641656', '88/26 Phan Sào Nam, phường 11, quận Tân Bình', '2024-05-29 11:07:59', 1, 1, 105827504, 0),
(139, 'phạm trần quang thắng', 'phamtranquangthang30@gmail.com', '0937641656', '88/26 Phan Sào Nam, phường 11, quận Tân Bình', '2024-05-29 12:50:19', 2, 2, 26571000, 0),
(140, 'phạm trần quang thắng', 'phamtranquangthang30@gmail.com', '0937641656', '88/26 Phan Sào Nam, phường 11, quận Tân Bình', '2024-05-29 13:17:07', 1, 1, 53112000, 1);

-- --------------------------------------------------------

--
-- Table structure for table `tbl_oderdetail`
--

CREATE TABLE `tbl_oderdetail` (
  `id` int NOT NULL,
  `oder_id` int DEFAULT NULL,
  `id_sp` int DEFAULT NULL,
  `name_sp` varchar(255) CHARACTER SET utf8mb4 COLLATE utf8mb4_general_ci DEFAULT NULL,
  `sl` int DEFAULT NULL,
  `gia_sp` int DEFAULT NULL,
  `dateOder` datetime DEFAULT NULL,
  `tong_tien` float(255,0) DEFAULT NULL
) ENGINE=InnoDB DEFAULT CHARSET=utf8mb4 COLLATE=utf8mb4_general_ci;

--
-- Dumping data for table `tbl_oderdetail`
--

INSERT INTO `tbl_oderdetail` (`id`, `oder_id`, `id_sp`, `name_sp`, `sl`, `gia_sp`, `dateOder`, `tong_tien`) VALUES
(155, 133, 33, 'Dell Inspiron G7 N7591/Core i5-9300H/N5I5591W', 1, 26541000, '2024-05-29 08:48:05', 26541000),
(156, 134, 35, 'Laptop Dell XPS 13 Plus 71013325', 1, 52715500, '2024-05-29 08:49:41', 52715500),
(157, 135, 33, 'Dell Inspiron G7 N7591/Core i5-9300H/N5I5591W', 2, 26541000, '2024-05-29 10:45:04', 53082000),
(158, 135, 41, 'Laptop gaming MSI GP68HX 13VH 252VN', 2, 58270600, '2024-05-29 10:45:04', 116541200),
(159, 136, 33, 'Dell Inspiron G7 N7591/Core i5-9300H/N5I5591W', 2, 26541000, '2024-05-29 10:53:23', 53082000),
(160, 136, 37, 'Laptop Dell Inspiron 14 N5430 i5P165W11SL2050', 1, 25491500, '2024-05-29 10:53:23', 25491500),
(161, 137, 33, 'Dell Inspiron G7 N7591/Core i5-9300H/N5I5591W', 2, 26541000, '2024-05-29 10:59:03', 53082000),
(162, 137, 35, 'Laptop Dell XPS 13 Plus 71013325', 1, 52715500, '2024-05-29 10:59:03', 52715500),
(163, 138, 33, 'Dell Inspiron G7 N7591/Core i5-9300H/N5I5591W', 2, 26541000, '2024-05-29 11:07:59', 53082000),
(164, 138, 35, 'Laptop Dell XPS 13 Plus 71013325', 1, 52715500, '2024-05-29 11:07:59', 52715500),
(165, 139, 33, 'Dell Inspiron G7 N7591/Core i5-9300H/N5I5591W', 1, 26541000, '2024-05-29 12:50:19', 26541000),
(166, 140, 33, 'Dell Inspiron G7 N7591/Core i5-9300H/N5I5591W', 2, 26541000, '2024-05-29 13:17:07', 53082000);

-- --------------------------------------------------------

--
-- Table structure for table `tbl_slideshow`
--

CREATE TABLE `tbl_slideshow` (
  `id` int NOT NULL,
  `img1` text,
  `img2` text,
  `img3` text,
  `img4` text NOT NULL
) ENGINE=InnoDB DEFAULT CHARSET=latin1;

--
-- Dumping data for table `tbl_slideshow`
--

INSERT INTO `tbl_slideshow` (`id`, `img1`, `img2`, `img3`, `img4`) VALUES
(1, 'slideshow/slideshow1.jpg', 'slideshow/slideshow2.jpg', 'slideshow/slideshow3.jpg', 'slideshow/slideshow4.jpg');

-- --------------------------------------------------------

--
-- Table structure for table `tbl_sp`
--

CREATE TABLE `tbl_sp` (
  `id_sp` int NOT NULL,
  `name_sp` varchar(255) CHARACTER SET utf8mb4 COLLATE utf8mb4_general_ci NOT NULL,
  `id_loaisp` int NOT NULL,
  `id_hangsx` int NOT NULL,
  `noibat` mediumtext CHARACTER SET utf8mb4 COLLATE utf8mb4_general_ci,
  `thongso_sp` longtext CHARACTER SET utf8mb4 COLLATE utf8mb4_general_ci,
  `mota_sp` mediumtext CHARACTER SET utf8mb4 COLLATE utf8mb4_general_ci,
  `img1` mediumtext CHARACTER SET utf8mb4 COLLATE utf8mb4_general_ci,
  `img2` mediumtext CHARACTER SET utf8mb4 COLLATE utf8mb4_general_ci,
  `img3` mediumtext CHARACTER SET utf8mb4 COLLATE utf8mb4_general_ci,
  `status` tinyint DEFAULT NULL,
  `dateCreate` datetime DEFAULT NULL,
  `sale` int DEFAULT NULL,
  `gia_sp` float(11,0) DEFAULT NULL
) ENGINE=InnoDB DEFAULT CHARSET=utf8mb4 COLLATE=utf8mb4_general_ci;

--
-- Dumping data for table `tbl_sp`
--

INSERT INTO `tbl_sp` (`id_sp`, `name_sp`, `id_loaisp`, `id_hangsx`, `noibat`, `thongso_sp`, `mota_sp`, `img1`, `img2`, `img3`, `status`, `dateCreate`, `sale`, `gia_sp`) VALUES
(33, 'Dell Inspiron G7 N7591/Core i5-9300H/N5I5591W', 1, 1, '<ul><li>Tặng Chu&ocirc;̣t kh&ocirc;ng d&acirc;y Zadez M390 <a href=\"https://fptshop.com.vn/phu-kien/chuot-khong-day-zadez-m390\" target=\"_blank\">Xem chi tiết</a></li></ul><p>Kh&aacute;ch h&agrave;ng được khuyến mại th&ecirc;m:</p><ul><li>Tặng Balo Laptop</li><li>Mua Combo Sinh vi&ecirc;n: Office 365 Personal + Lạc Việt gi&aacute; chỉ c&ograve;n 690,000 đồng</li><li>Giảm 25% Combo bảo vệ Laptop (Combo MDMH v&agrave; Phần mềm Diệt virus Eset) khi mua k&egrave;m m&aacute;y</li></ul>', '<table border=\"1\" cellpadding=\"3\" cellspacing=\"0\"><tbody><tr><td><a href=\"https://gearvn.com/collections/cpu-bo-vi-xu-ly\" target=\"_blank\"><strong>CPU</strong></a></td><td>Intel Core i7-1355U ( 1.7 GHz - 5.0 GHz / 12MB / 10 nh&acirc;n, 12 luồng )</td></tr><tr><td><strong><a href=\"https://gearvn.com/collections/ram-laptop\" target=\"_blank\">RAM</a></strong></td><td>16GB Onboard LPDDR5 4800MHz (Kh&ocirc;ng n&acirc;ng cấp)</td></tr><tr><td><a href=\"https://gearvn.com/collections/hdd-o-cung-laptop\" target=\"_blank\"><strong>Ổ cứng</strong></a></td><td>512GB M.2 PCIe NVMe <a href=\"https://gearvn.com/collections/ssd-o-cung-the-ran\" target=\"_blank\">SSD</a></td></tr><tr><td><a href=\"https://gearvn.com/collections/vga-card-man-hinh\" target=\"_blank\"><strong>Card đồ họa</strong></a></td><td>Intel Iris Xe Graphics</td></tr><tr><td><a href=\"https://gearvn.com/pages/man-hinh\" target=\"_blank\"><strong>M&agrave;n h&igrave;nh</strong></a></td><td>14.0 inch WUXGA(1920 x 1200) Touch, WVA</td></tr><tr><td><strong>Wireless</strong></td><td>WiFi 802.11ax (Wifi 6)</td></tr><tr><td><strong>LAN</strong></td><td>None</td></tr><tr><td><strong>Bluetooth</strong></td><td>v5.2</td></tr><tr><td><strong>Cổng giao tiếp</strong></td><td><ul><li>2 x Thunderbolt 4.0</li><li>1 x USB 3.2 Gen 1 Type-A</li><li>1 x headset (headphone and microphone combo) port</li><li>1 x HDMI 1.4 port</li><li>1 x SD card slot</li><li>1 x Universal Audio Jack</li></ul></td></tr><tr><td><a href=\"https://gearvn.com/collections/webcam\" target=\"_blank\"><strong>Webcam</strong></a></td><td>FHD Webcam</td></tr><tr><td><strong>Audio</strong></td><td>2 Loa</td></tr><tr><td><strong>Pin</strong></td><td>4-Cell Battery, 54WHr</td></tr><tr><td><strong>Hệ điều h&agrave;nh</strong></td><td>Windows 11 Home + Office Home&amp;Student</td></tr><tr><td><strong>K&iacute;ch thước</strong></td><td>314mm x 266 mm x 15.54mm - 17.47mm</td></tr><tr><td><strong>Trọng lượng</strong></td><td>1.6 kg</td></tr><tr><td><strong>M&agrave;u sắc</strong></td><td>Color Platinum Silver&nbsp;</td></tr></tbody></table>', '<h2><strong>Đ&aacute;nh gi&aacute; chi tiết laptop Dell Inspiron 14 T7430 i7U165W11SLU</strong></h2><p>Laptop Dell Inspiron 14 T7430 i7U165W11SLU l&agrave; một si&ecirc;u phẩm mới đến từ nh&agrave; Dell. Ở ph&acirc;n kh&uacute;c <a href=\"https://gearvn.com/pages/laptop-van-phong\" target=\"_blank\">laptop văn ph&ograve;ng</a>, Dell Inspiron 14 đ&atilde; ho&agrave;n th&agrave;nh xuất sắc nhiệm vụ của m&igrave;nh khi c&oacute; thể thực hiện đa nhiệm tốt, hiệu năng ổn định, chất lượng hiển thị h&igrave;nh ảnh đẹp mắt v&agrave; thiết kế sang trọng, tinh tế. Đ&acirc;y ch&iacute;nh l&agrave; sự lựa chọn th&iacute;ch hợp cho những ai y&ecirc;u th&iacute;ch sự mới mẻ, năng động v&agrave; tinh tế.</p><h3><strong>Thiết kế Dell Inspiron&nbsp;14 T7430 i7U165W11SLU năng động, tinh tế</strong></h3><p><a href=\"http://gearvn.com/collections/laptop-dell-inspiron-series\" target=\"_blank\">Dell Inspiron</a> 14 T7430 i7U165W11SLU được ho&agrave;n thiện từ chất liệu nhựa bền v&agrave; đẹp. M&agrave;u bạc đem lại cảm gi&aacute;c sang trọng cho người d&ugrave;ng. Với trọng lượng si&ecirc;u nhẹ chỉ 1.6kg, Dell Inspiron 14 lu&ocirc;n trong tư thế sẵn s&agrave;ng đồng h&agrave;nh c&ugrave;ng bạn đi đến bất cứ đ&acirc;u. Thiết kế n&agrave;y hướng đến đa dạng người d&ugrave;ng, đặc biệt l&agrave; c&aacute;c bạn trẻ y&ecirc;u th&iacute;ch sự gọn g&agrave;ng v&agrave; linh hoạt.</p><p><img alt=\"GEARVN Laptop Dell Inspiron 14 T7430 i7U165W11SLU\" src=\"https://file.hstatic.net/200000722513/file/gearvn-laptop-dell-inspiron-14-t7430-i7u165w11slu-5_2c7e72baad394ee4bbc46d3e2db44902_1024x1024.png\" class=\"fr-fic fr-dii\" style=\"width: 449px;\"></p><p>Đặc biệt, Dell Inspiron 14 c&oacute; thiết kế bản lề gập 360 độ, cho ph&eacute;p bạn dễ d&agrave;ng sử dụng m&aacute;y ở nhiều tư thế kh&aacute;c nhau khi học tập, l&agrave;m việc, họp mặt với đối t&aacute;c. B&ecirc;n cạnh đ&oacute;, Dell c&ograve;n ưu &aacute;i cho chiếc <a href=\"https://gearvn.com/collections/laptop-cao-cap-mong-nhe\" target=\"_blank\">laptop mỏng nhẹ</a> cao cấp n&agrave;y một m&agrave;n h&igrave;nh cảm ứng đa điểm. V&igrave; vậy, bạn c&oacute; thể thỏa sức s&aacute;ng tạo, thực hiện mọi thao t&aacute;c nhanh ch&oacute;ng ngay tr&ecirc;n m&agrave;n h&igrave;nh laptop m&agrave; kh&ocirc;ng cần d&ugrave;ng chuột hay b&agrave;n ph&iacute;m.</p><p><img alt=\"GEARVN Laptop Dell Inspiron 14 T7430 i7U165W11SLU\" src=\"https://file.hstatic.net/200000722513/file/gearvn-laptop-dell-inspiron-14-t7430-i7u165w11slu-7_3cf71d7387fb4ee9be009965400fb219_1024x1024.png\" class=\"fr-fic fr-dii\"></p><h3><strong>Hiệu suất của Dell Inspiron 14 T7430 i7U165W11SLU cực kỳ ấn tượng</strong></h3><p>Dell Inspiron 14 T7430 i7U165W11SLU c&oacute; tốc độ xung nhịp&nbsp;tối đa Turbo Boost 5.0 GHz đến từ bộ CPU Intel Core i7, c&ugrave;ng bộ nhớ đệm 12MB mang lại hiệu năng xử l&yacute; tốt c&aacute;c t&aacute;c vụ văn ph&ograve;ng cơ bản một c&aacute;ch mượt m&agrave;.</p><p>Card đồ họa NVIDIA Intel Iris Xe Graphics được t&iacute;ch hợp với con chip Intel Gen 13 gi&uacute;p giải quyết tốt c&aacute;c t&aacute;c vụ li&ecirc;n quan đến chất lượng hiển thị h&igrave;nh ảnh, độ ch&iacute;nh x&aacute;c về m&agrave;u sắc, chi tiết độ ph&acirc;n giải, độ tương phản của h&igrave;nh ảnh. Bạn c&oacute; thể thao t&aacute;c chỉnh sửa h&igrave;nh ảnh 2D, video tr&ecirc;n c&aacute;c phần mềm Adobe hay chơi một số t&aacute;c vụ game giải tr&iacute; c&oacute; cấu h&igrave;nh đồ họa tương đối tr&ecirc;n chiếc laptop n&agrave;y.</p><p><img alt=\"GEARVN Laptop Dell Inspiron 14 T7430 i7U165W11SLU\" src=\"https://file.hstatic.net/200000722513/file/gearvn-laptop-dell-inspiron-14-t7430-i7u165w11slu-3_e8745f9012c44c8b89fb077d2cf9e22f_1024x1024.png\" class=\"fr-fic fr-dii\"></p><p>B&ecirc;n cạnh đ&oacute;, 16GB RAM chuẩn&nbsp;LPDDR5&nbsp;cho khả đa nhiệm mượt m&agrave;. Bạn c&oacute; thể c&ugrave;ng l&uacute;c vừa học tập, l&agrave;m việc, vừa lướt web v&agrave; nghe nhạc giải tr&iacute;, việc chuyển đổi qua lại giữa c&aacute;c tab cũng &quot;smooth like butter&quot;. C&aacute;c hiện tượng như giật lag, đứng m&aacute;y cũng kh&ocirc;ng c&ograve;n diễn ra tr&ecirc;n chiếc laptop văn ph&ograve;ng của nh&agrave; Dell.</p><h3><strong>Chất lượng m&agrave;n h&igrave;nh hiển thị</strong></h3><p>Dell Inspiron 14 T7430 i7U165W11SLU sở hữu m&agrave;n h&igrave;nh 14 inch, độ ph&acirc;n giải Full HD+ (1920 x 1200) cho chất lượng hiển thị h&igrave;nh ảnh v&ocirc; c&ugrave;ng sắc n&eacute;t v&agrave; sống động. N&oacute; sẽ mang đến cho bạn trải nghiệm xem phim, video ca nhạc sống động như thật qua từng khung h&igrave;nh, chất lượng hiển thị h&igrave;nh ảnh tuyệt vời nhờ sự hỗ trợ của c&ocirc;ng nghệ Wide Viewing Angle (WVA).</p>', 'upload/Dell-ins1.1.jpg', 'upload/Dell-ins1.2.jpg', 'upload/Dell-ins1.3.jpg', 1, '2019-11-06 05:11:09', 10, 29490000),
(34, 'Dell Vostro 3578A', 2, 2, '<ul><li>Tặng Chu&ocirc;̣t kh&ocirc;ng d&acirc;y Zadez M390 <a href=\"https://fptshop.com.vn/phu-kien/chuot-khong-day-zadez-m390\" target=\"_blank\">Xem chi tiết</a></li><li>Tặng Balo Laptop</li><li>Mua Combo Sinh vi&ecirc;n: Office 365 Personal + Lạc Việt gi&aacute; chỉ c&ograve;n 690,000 đồng</li><li>Giảm 25% Combo bảo vệ Laptop (Combo MDMH v&agrave; Phần mềm Diệt virus Eset) khi mua k&egrave;m m&aacute;y</li></ul>', '<ul><li><label>CPU :</label><a href=\"https://fptshop.com.vn/tin-tuc/danh-gia/tim-hieu-cac-dong-cpu-intel-tren-laptop56395\" target=\"_blank\">Intel, Core I5</a></li><li><label>RAM :</label><a href=\"https://fptshop.com.vn/tin-tuc/danh-gia/ram-la-gi-56446\" target=\"_blank\">4 GB, DDR4</a></li><li><label>Ổ cứng :</label><a href=\"https://fptshop.com.vn/tin-tuc/danh-gia/o-cung-la-gi-va-cac-loai-o-cung-thong-dung-hien-nay-56458\" target=\"_blank\">HDD, 1000 GB</a></li><li><label>M&agrave;n h&igrave;nh :</label><a href=\"https://fptshop.com.vn/tin-tuc/danh-gia/moi-thu-ban-can-biet-khi-chon-man-hinh-laptop-56415\" target=\"_blank\">15.6 inchs, 1920 x 1080 pixels</a></li><li><label>Card m&agrave;n h&igrave;nh :</label><a href=\"https://fptshop.com.vn/tin-tuc/danh-gia/tim-hieu-ve-card-do-hoa-cua-amd-56464\" target=\"_blank\">AMD Radeon 520, Card rời</a></li><li><label>Cổng kết nối :</label>LAN : 10/100/1000Mbps, WIFI : 802.11 1x1 ac</li><li><label>Hệ điều h&agrave;nh :</label><a href=\"https://fptshop.com.vn/tin-tuc/tin-moi/tong-hop-cac-he-dieu-hanh-thong-dung-tren-laptop-56318\" target=\"_blank\">Ubuntu</a></li><li><label>Trọng lượng :</label>2.2 Kg</li><li><label>K&iacute;ch thước :</label>380 x 260 x 23.65 mm</li></ul>', '<p><strong>Dell Vostro 3578A l&agrave; d&ograve;ng laptop chuy&ecirc;n nghiệp th&iacute;ch hợp cho những doanh nh&acirc;n hoặc người l&agrave;m văn ph&ograve;ng, tập trung nhiều cho c&ocirc;ng việc.</strong></p><h2><strong>Tốc độ xử l&yacute; nhanh, kh&ocirc;ng gian lưu trữ rộng lớn</strong></h2><p>Được c&agrave;i sẵn con chip Intel Core i5 8250U thế hệ thứ 8 Coffee Lake mới nhất xung nhịp tối đa l&ecirc;n tới 3.40GHz, Dell Vostro 3578A chạy rất nhanh v&agrave; mượt m&agrave;, c&oacute; thể xử l&yacute; tốt ở mọi t&aacute;c vụ. Dung lượng RAM c&oacute; sẵn tr&ecirc;n m&aacute;y l&agrave; 4GB DDR4 ti&ecirc;n tiến v&agrave; bạn c&oacute; thể dễ d&agrave;ng n&acirc;ng cấp RAM với chi ph&iacute; tiết kiệm th&ocirc;ng qua khe cắm RAM thứ hai. Đặc biệt, Dell Vostro 3578A c&ograve;n trang bị VGA rời AMD Radeon 520, tối ưu cho những ứng dụng đồ họa v&agrave; nhiều game giải tr&iacute; d&agrave;nh cho bạn.</p><p>Ổ cứng tr&ecirc;n Dell Vostro 3578A dung lượng cực lớn 1TB, đủ sức lưu trữ mọi t&agrave;i liệu m&agrave; bạn cần, phục vụ tối đa cho c&ocirc;ng việc.</p><p><img alt=\"\" data-original=\"https://fptshop.com.vn/Uploads/images/2015/Tin-Tuc/QuanLNH2/dell-3578-1.jpg\" src=\"https://fptshop.com.vn/Uploads/images/2015/Tin-Tuc/QuanLNH2/dell-3578-1.jpg\" class=\"fr-fic fr-dii\"></p><h2><strong>Bảo mật tin cậy qua cảm biến v&acirc;n tay</strong></h2><p>Tr&ecirc;n Dell Vostro 3578A, bạn c&oacute; thể mở m&aacute;y v&agrave; đăng nhập nhanh ch&oacute;ng th&ocirc;ng qua cảm biến v&acirc;n tay t&iacute;ch hợp sẵn. Sẽ kh&ocirc;ng c&ograve;n mối lo mất mật khẩu hay bị người kh&aacute;c &ldquo;nh&igrave;n trộm&rdquo; mật khẩu nhờ sự kết hợp giữa v&acirc;n tay v&agrave; t&iacute;nh năng nhận dạng sinh trắc học Windows 10 Hello. Chỉ cần một lần chạm, m&aacute;y t&iacute;nh sẽ đăng nhập một c&aacute;ch tiện lợi v&agrave; an to&agrave;n.</p><p><img alt=\"\" data-original=\"https://fptshop.com.vn/Uploads/images/2015/Tin-Tuc/QuanLNH2/dell-3578-3.jpg\" src=\"https://fptshop.com.vn/Uploads/images/2015/Tin-Tuc/QuanLNH2/dell-3578-3.jpg\" class=\"fr-fic fr-dii\"></p><h2><strong>Những t&iacute;nh năng cần thiết cho c&ocirc;ng việc</strong></h2><p>L&agrave; chiếc laptop hướng đến đối tượng doanh nghiệp v&agrave; những người thường xuy&ecirc;n sử dụng laptop cho c&ocirc;ng việc, Dell Vostro 3578A c&oacute; nhiều t&iacute;nh năng để hỗ trợ bạn một c&aacute;ch tốt nhất:</p><p>Đầy đủ cổng kết nối tr&igrave;nh chiếu: C&oacute; sẵn cả cổng HDMI v&agrave; VGA gi&uacute;p Dell 3578A c&oacute; thể dễ d&agrave;ng kết nối với m&aacute;y chiếu hay m&agrave;n h&igrave;nh phụ c&ugrave;ng l&uacute;c để tăng năng suất l&agrave;m việc.</p><p>Truyền dữ liệu nhanh như chớp: Với hai cổng USB 3.0 ti&ecirc;n tiến v&agrave; đầu đọc thẻ nhớ SD, Dell Vostro 3578A sẽ truyền dữ liệu với c&aacute;c thiết bị kh&aacute;c nhanh hơn.</p><p>Ổ đĩa DVD: D&ugrave; đĩa DVD kh&ocirc;ng c&ograve;n qu&aacute; phổ biến hiện nay, nhưng trong c&ocirc;ng việc th&igrave; đ&acirc;y vẫn l&agrave; một c&ocirc;ng cụ kh&aacute; cần thiết. Dell 3578A c&oacute; sẵn ổ đĩa DVD để bạn c&oacute; thể đọc v&agrave; ghi ra đĩa nhanh ch&oacute;ng.</p><p><img alt=\"\" data-original=\"https://fptshop.com.vn/Uploads/images/2015/Tin-Tuc/QuanLNH2/dell-3578-4.jpg\" src=\"https://fptshop.com.vn/Uploads/images/2015/Tin-Tuc/QuanLNH2/dell-3578-4.jpg\" class=\"fr-fic fr-dii\"></p><h2><strong>M&agrave;n h&igrave;nh v&agrave; &acirc;m thanh xuất sắc</strong></h2><p>Dell Vostro 3578A c&oacute; m&agrave;n h&igrave;nh lớn 15,6 inch v&agrave; độ ph&acirc;n giải rất cao Full HD 1920 x 1080 pixels. M&agrave;n h&igrave;nh n&agrave;y sẽ hiển thị sắc n&eacute;t đến từng chi tiết mọi nội dung trước mặt bạn, đồng thời c&ocirc;ng nghệ chống ch&oacute;i Anti Glare gi&uacute;p cho g&oacute;c nh&igrave;n rộng hơn, hoạt động tốt kể cả khi ở ngo&agrave;i trời. B&ecirc;n cạnh đ&oacute; &acirc;m thanh tr&ecirc;n Dell 3578A cũng rất lớn, độ chi tiết cao nhờ hệ thống &acirc;m thanh Waves MaxxAudio Pro chuy&ecirc;n nghiệp.</p><h2><strong>B&agrave;n ph&iacute;m Full Size tiện dụng</strong></h2><p>L&agrave; chiếc laptop 15,6 inch, Dell Vostro 3578A trang bị b&agrave;n ph&iacute;m đầy đủ dạng Full Size với khu vực ph&iacute;m số ri&ecirc;ng biệt, rất tiện lợi khi c&ocirc;ng việc của bạn phải thao t&aacute;c nhiều với những con số. B&agrave;n ph&iacute;m Vostro 3578A được l&agrave;m theo dạng chiclet, g&otilde; cực &ecirc;m v&agrave; độ phản hồi tốt. Đặc biệt, b&agrave;n ph&iacute;m n&agrave;y c&ograve;n chống nước, an to&agrave;n v&agrave; cho tuổi thọ ph&iacute;m cao hơn. Trong khi đ&oacute; chuột cảm ứng Touchpad đa điểm rất nhạy, đầy đủ cử chỉ th&ocirc;ng minh cho bạn trải nghiệm thao t&aacute;c nhanh hơn cả chuột rời.</p><p><img alt=\"\" data-original=\"https://fptshop.com.vn/Uploads/images/2015/Tin-Tuc/QuanLNH2/dell-3578-2.jpg\" src=\"https://fptshop.com.vn/Uploads/images/2015/Tin-Tuc/QuanLNH2/dell-3578-2.jpg\" class=\"fr-fic fr-dii\"></p>', 'upload/2.PNG', 'upload/4.1.PNG', 'upload/4.jpg', 1, '2019-11-06 05:14:07', 10, 15690000),
(35, 'Laptop Dell XPS 13 Plus 71013325', 1, 3, '<ul><li>Tặng Chu&ocirc;̣t kh&ocirc;ng d&acirc;y Zadez M390 <a href=\"https://fptshop.com.vn/phu-kien/chuot-khong-day-zadez-m390\" target=\"_blank\">Xem chi tiết</a></li></ul><p>Kh&aacute;ch h&agrave;ng được khuyến mại th&ecirc;m:</p><ul><li>Tặng Balo Laptop</li><li>Mua Combo Sinh vi&ecirc;n: Office 365 Personal + Lạc Việt gi&aacute; chỉ c&ograve;n 690,000 đồng</li><li>Giảm 25% Combo bảo vệ Laptop (Combo MDMH v&agrave; Phần mềm Diệt virus Eset) khi mua k&egrave;m m&aacute;y</li></ul>', '<table border=\"1\" cellpadding=\"3\" cellspacing=\"0\"><tbody><tr><td><strong><a href=\"https://gearvn.com/collections/cpu-bo-vi-xu-ly\">CPU</a></strong></td><td>Intel Core i5-1340P Gen 12th ( 12 Cores, 12 Threads, 18MB Cache )</td></tr><tr><td><strong><a href=\"https://gearvn.com/collections/ram-pc\">RAM</a></strong></td><td>16GB LPDDR5 Onboard 5200MHz ( Kh&ocirc;ng n&acirc;ng cấp)</td></tr><tr><td><a href=\"https://gearvn.com/collections/hdd-o-cung-pc\" target=\"_blank\"><strong>Ổ cứng</strong></a></td><td>512GB M.2 PCIe Gen4</td></tr><tr><td><a href=\"https://gearvn.com/pages/man-hinh\" target=\"_blank\"><strong>M&agrave;n h&igrave;nh</strong></a></td><td>13.4&quot; inch, 3.5K QHD+ (3456 x 2160), OLED, 60Hz, 400nits, touchscreen,&nbsp;Anti-reflective</td></tr><tr><td><strong><a href=\"https://gearvn.com/collections/vga-card-man-hinh\">Card m&agrave;n h&igrave;nh</a></strong></td><td>Intel Iris Xe Graphics</td></tr><tr><td><a href=\"https://gearvn.com/collections/ban-phim-may-tinh\" target=\"_blank\"><strong>B&agrave;n ph&iacute;m</strong></a></td><td>Platinum Backlit English Keyboard with Fingerprint Reader</td></tr><tr><td><strong>Cổng kết nối</strong></td><td>2 x Thunderbolt 4&nbsp;(USB Type-C&trade; with DisplayPort and Power Delivery)<br></td></tr><tr><td><strong>Bảo mật</strong></td><td>Fingerprint,&nbsp;Facial recognition</td></tr><tr><td><strong><a href=\"https://gearvn.com/collections/webcam\">Webcam</a></strong></td><td>FaceIR HD 720P</td></tr><tr><td><a href=\"http://gearvn.com/collections/thiet-bi-tai-nghe-loa-audio-chuyen-nghiep\" target=\"_blank\"><strong>Audio</strong></a></td><td>Realtek Audio</td></tr><tr><td><strong>Kết nối kh&ocirc;ng d&acirc;y</strong></td><td>Bluetooth 5.2 / Wi-Fi 6E (802.11ax)</td></tr><tr><td><strong>Pin</strong></td><td>3Cell 55Whrs</td></tr><tr><td><strong>Hệ điều h&agrave;nh</strong></td><td>Windows 11 Home + Office Home &amp; Student 2021</td></tr><tr><td><strong>M&agrave;u sắc</strong></td><td>Platinum Silver</td></tr><tr><td><strong>Trọng lượng</strong></td><td>1.26 kg</td></tr><tr><td><strong>K&iacute;ch thước </strong></td><td>295.3 x 199 x 15.28 mm</td></tr><tr><td><strong>Chất liệu vỏ</strong></td><td>Kim loại</td></tr></tbody></table>', '', 'upload/Dell-xps1.1.jpg', 'upload/Dell-xps1.2.jpg', 'upload/Dell-xps1.3.jpg', 1, '2019-11-06 05:17:40', 5, 55490000),
(36, 'MSI GL63 8RCS-068VN/Core i5-8300H/8GB/256GB SSD/WIN10', 3, 5, '<p>Kh&aacute;ch h&agrave;ng chọn 1 trong 2 khuyến mại sau:</p><p>KM1:</p><ul><li>Trả g&oacute;p 0%/0đ</li></ul><p>KM2:</p><ul><li>Tặng Chuột Gaming MSI Xmas18</li></ul><p>Kh&aacute;ch h&agrave;ng được khuyến mại th&ecirc;m:</p><ul><li>Tặng Balo Laptop</li><li>Mua Combo Sinh vi&ecirc;n: Office 365 Personal + Lạc Việt gi&aacute; chỉ c&ograve;n 690,000 đồng</li><li>Giảm 25% Combo bảo vệ Laptop (Combo MDMH v&agrave; Phần mềm Diệt virus Eset) khi mua k&egrave;m m&aacute;y</li></ul>', '<h3>Đ&aacute;nh gi&aacute; chi tiết MSI GL63 8RCS-068VN/Core i5-8300H/8GB/256GB SSD/WIN10</h3><p><strong>MSI GL63 gi&uacute;p những game thủ c&oacute; ph&uacute;t gi&acirc;y giải tr&iacute; tuyệt vời b&ecirc;n những tr&ograve; chơi đỉnh cao nhờ những c&ocirc;ng nghệ h&agrave;ng đầu hiện nay.</strong></p><p><strong><img alt=\"MSI GL63\" title=\"MSI GL63\" data-original=\"https://fptshop.com.vn/Uploads/images/2015/SANPHAM/BinhNN4/MSI%20GL63/MSI-GL63-fptshop-01.JPG\" src=\"https://fptshop.com.vn/Uploads/images/2015/SANPHAM/BinhNN4/MSI%20GL63/MSI-GL63-fptshop-01.JPG\" class=\"fr-fic fr-dii\"></strong></p><h3><br><strong>Sống động từng ph&uacute;t gi&acirc;y</strong></h3><p><strong><img alt=\"MSI GL63\" title=\"MSI GL63\" data-original=\"https://fptshop.com.vn/Uploads/images/2015/SANPHAM/BinhNN4/MSI%20GL63/MSI-GL63-fptshop-02.jpg\" src=\"https://fptshop.com.vn/Uploads/images/2015/SANPHAM/BinhNN4/MSI%20GL63/MSI-GL63-fptshop-02.jpg\" class=\"fr-fic fr-dii\"></strong></p><p>L&agrave; một thiết bị hướng tới giải tr&iacute;, n&ecirc;n MSI GL63 c&oacute; một m&agrave;n h&igrave;nh lớn 15.6 inch, độ ph&acirc;n giải Full HD v&agrave; đạt 94% dải m&agrave;u NTSC. Điều n&agrave;y gi&uacute;p cho mọi h&igrave;nh ảnh hiển thị trước mắt bạn kh&ocirc;ng chỉ sắc n&eacute;t, m&agrave; c&ograve;n trở n&ecirc;n v&ocirc; c&ugrave;ng sống động v&agrave; mượt m&agrave;. Hơn nữa, m&agrave;n h&igrave;nh cũng c&oacute; g&oacute;c nh&igrave;n rộng v&agrave; độ s&aacute;ng sao gi&uacute;p người d&ugrave;ng c&oacute; thể nh&igrave;n r&otilde; c&aacute;c nội dung ngay cả từ b&ecirc;n tr&aacute;i v&agrave; b&ecirc;n phải.</p><h3><br><strong>Đa t&aacute;c vụ trở n&ecirc;n dễ d&agrave;ng hơn</strong></h3><p><strong><img alt=\"MSI GL63\" title=\"MSI GL63\" data-original=\"https://fptshop.com.vn/Uploads/images/2015/SANPHAM/BinhNN4/MSI%20GL63/MSI-GL63-fptshop-03.jpg\" src=\"https://fptshop.com.vn/Uploads/images/2015/SANPHAM/BinhNN4/MSI%20GL63/MSI-GL63-fptshop-03.jpg\" class=\"fr-fic fr-dii\"></strong></p><p>Một trong những t&iacute;nh năng si&ecirc;u việt kh&aacute;c được trang bị cho MSI GL63 ch&iacute;nh l&agrave; MSI Matrix Display. N&oacute; hỗ trợ bạn c&oacute; thể l&agrave;m đa t&aacute;c vụ với tối đa 3 m&agrave;n h&igrave;nh kh&aacute;c nhau nhờ 2 cổng kết nối HDMI v&agrave; Mini DisplayPort 1.2. Chẳng hạn nếu bạn l&agrave; một chuy&ecirc;n gia th&igrave; c&oacute; thể xem chứng kho&aacute;n, thiết kế hoặc l&agrave;m văn ph&ograve;ng tr&ecirc;n mỗi m&agrave;n h&igrave;nh. Trong khi đ&oacute;, game thủ c&oacute; thể sử dụng t&iacute;nh năng n&agrave;y để vừa chơi game, xem phim v&agrave; lướt Facebook c&ugrave;ng l&uacute;c.</p><h3><br><strong>B&oacute;ng bẩy, nhưng vẫn rất ngầu</strong></h3><p><strong><img alt=\"MSI GL63\" title=\"MSI GL63\" data-original=\"https://fptshop.com.vn/Uploads/images/2015/SANPHAM/BinhNN4/MSI%20GL63/MSI-GL63-fptshop-04.jpg\" src=\"https://fptshop.com.vn/Uploads/images/2015/SANPHAM/BinhNN4/MSI%20GL63/MSI-GL63-fptshop-04.jpg\" class=\"fr-fic fr-dii\"></strong></p><p>L&agrave; một chiếc m&aacute;y t&iacute;nh chơi game, nhưng MSI GL63 vẫn được nh&agrave; sản xuất chăm ch&uacute;t tới từng chi tiết nhỏ trong thiết kế. So với thế hệ trước, m&aacute;y t&iacute;nh tr&ocirc;ng đ&atilde; ho&agrave;n hảo v&agrave; b&oacute;ng bẩy hơn. Tuy nhi&ecirc;n, laptop MSI GL63 vẫn rất ngầu v&agrave; ph&ugrave; hợp với những game thủ nhờ sự phối m&agrave;u đỏ đen tinh tế.</p><h3><br><strong>Hiệu suất tuyệt vời</strong></h3><p><strong><img alt=\"MSI GL63\" title=\"MSI GL63\" data-original=\"https://fptshop.com.vn/Uploads/images/2015/SANPHAM/BinhNN4/MSI%20GL63/MSI-GL63-fptshop-05.jpg\" src=\"https://fptshop.com.vn/Uploads/images/2015/SANPHAM/BinhNN4/MSI%20GL63/MSI-GL63-fptshop-05.jpg\" class=\"fr-fic fr-dii\"></strong></p><p>Về hiệu suất, MSI GL63 tự h&agrave;o khi c&oacute; một bước nhảy vọt về hiệu năng với bộ xử l&yacute; m&aacute;y t&iacute;nh x&aacute;ch tay Hexa Core đầu ti&ecirc;n. Theo như nh&agrave; sản xuất chia sẻ nhờ c&aacute;c l&otilde;i bổ sung sẽ gi&uacute;p cho trải nghiệm chơi tr&ograve; chơi v&agrave; xử l&yacute; t&aacute;c vụ nhanh hơn tới 40% so với thế hệ CPU trước đ&oacute;. Ngo&agrave;i ra, laptop cũng nhận được sự hỗ trợ của bộ nhớ DDR4-2666 n&acirc;ng cao với hiệu suất nhanh hơn 40% so với DDR3 v&agrave; 10% so với DDR4-2400. MSI khẳng định bạn sẽ c&oacute; một trải nghiệm tầm cao mới với những thiết lập n&agrave;y.</p><h3><br><strong>Đồ họa đỉnh cao</strong></h3><p><strong><img alt=\"MSI GL63\" title=\"MSI GL63\" data-original=\"https://fptshop.com.vn/Uploads/images/2015/SANPHAM/BinhNN4/MSI%20GL63/MSI-GL63-fptshop-06.jpg\" src=\"https://fptshop.com.vn/Uploads/images/2015/SANPHAM/BinhNN4/MSI%20GL63/MSI-GL63-fptshop-06.jpg\" class=\"fr-fic fr-dii\"></strong></p><p>Tr&ecirc;n MSI GL63, bạn sẽ nhận được trải nghiệm game đồ họa đỉnh cao với hiệu năng nhanh nhất, c&ocirc;ng nghệ chơi game ti&ecirc;n tiến nhất v&agrave; hệ sinh th&aacute;i chơi game tốt nhất. Để l&agrave;m được điều n&agrave;y, MSI đ&atilde; trang bị cho laptop card rời Nvidia GTX-1050 cung cấp cho bạn khả năng xử l&yacute; đồ họa tốt hơn tới 3 lần so với c&aacute;c GPU thế hệ trước. B&ecirc;n cạnh đ&oacute;, m&aacute;y t&iacute;nh cũng c&oacute; c&aacute;c giải ph&aacute;p l&agrave;m m&aacute;t si&ecirc;u tốc cải tiến v&agrave; c&aacute;c t&iacute;nh năng chơi tr&ograve; chơi đặc biệt của h&atilde;ng d&agrave;nh cho game thủ để ph&aacute;t huy ho&agrave;n to&agrave;n hiệu năng của GPU n&agrave;y khi người d&ugrave;ng chơi game đồ họa.</p><h3><br><strong>Ph&ugrave; hợp cho từng nhiệm vụ</strong></h3><p><strong><img alt=\"MSI GL63\" title=\"MSI GL63\" data-original=\"https://fptshop.com.vn/Uploads/images/2015/SANPHAM/BinhNN4/MSI%20GL63/MSI-GL63-fptshop-07.JPG\" src=\"https://fptshop.com.vn/Uploads/images/2015/SANPHAM/BinhNN4/MSI%20GL63/MSI-GL63-fptshop-07.JPG\" class=\"fr-fic fr-dii\"></strong></p><p>MSI GL63 được trang bị c&ocirc;ng nghệ độc quyền của h&atilde;ng l&agrave; SHIFT gi&uacute;p người d&ugrave;ng c&oacute; thể dựa tr&ecirc;n những nhiệm vụ đang l&agrave;m để chọn chế độ sạo cho tối ưu t&agrave;i nguy&ecirc;n nhất tr&ecirc;n m&aacute;y t&iacute;nh. Bạn c&oacute; thể sử dụng tổ hợp ph&iacute;m &quot;Fn + F7&quot; để chuyển đổi nhanh ch&oacute;ng c&aacute;c chế độ từ Turbo, Sport, Comfort v&agrave; Eco gi&uacute;p nhanh ch&oacute;ng c&oacute; được hiệu suất tối đa hoặc thời lượng pin d&agrave;i hơn.</p><h3><br><strong>Ch&iacute;nh x&aacute;c tới từng thao t&aacute;c</strong></h3><p><img alt=\"MSI GL63\" title=\"MSI GL63\" data-original=\"https://fptshop.com.vn/Uploads/images/2015/SANPHAM/BinhNN4/MSI%20GL63/MSI-GL63-fptshop-08.jpg\" src=\"https://fptshop.com.vn/Uploads/images/2015/SANPHAM/BinhNN4/MSI%20GL63/MSI-GL63-fptshop-08.jpg\" class=\"fr-fic fr-dii\"></p><p>Mọi chi tiết tr&ecirc;n MSI GL63 đều được nh&agrave; sản xuất t&iacute;nh to&aacute;n v&agrave; thiết kế đặc biệt để ph&ugrave; hợp với game thủ. Bạn sẽ c&oacute; một b&agrave;n ph&iacute;m SteelSeries với h&agrave;nh tr&igrave;nh ph&iacute;m 1.9mm v&agrave; đ&egrave;n RGB c&oacute; thể nhấn c&ugrave;ng l&uacute;c đến 45 ph&iacute;m, đảm bảo mọi thao t&aacute;c sẽ được phản hồi một c&aacute;ch ch&iacute;nh x&aacute;c v&agrave; nhanh ch&oacute;ng nhất.</p><h3><br><strong>Lu&ocirc;n ổn định v&agrave; m&aacute;t mẻ</strong></h3><p><strong><img alt=\"MSI GL63\" title=\"MSI GL63\" data-original=\"https://fptshop.com.vn/Uploads/images/2015/SANPHAM/BinhNN4/MSI%20GL63/MSI-GL63-fptshop-09.jpg\" src=\"https://fptshop.com.vn/Uploads/images/2015/SANPHAM/BinhNN4/MSI%20GL63/MSI-GL63-fptshop-09.jpg\" class=\"fr-fic fr-dii\"></strong></p><p>Nhờ c&ocirc;ng nghệ CoolBoost 5 mới nhất với hệ thống quạt Whirlwind Blade k&eacute;p kết hợp 7 ống dẫn nhiệt v&agrave; 4 luồng kh&iacute;, m&aacute;y t&iacute;nh MSI GL63 sẽ c&oacute; một hiệu quả tản nhiệt mạnh mẽ. Bạn sẽ lu&ocirc;n được trải nghiệm với hiệu suất cao nhất trong thời gian d&agrave;i v&agrave; nhiệt độ thấp hơn.</p><h3><br><strong>Trải nghiệm &acirc;m thanh v&ograve;m 3D ngay tại nh&agrave;</strong></h3><p><strong><img alt=\"MSI GL63\" title=\"MSI GL63\" data-original=\"https://fptshop.com.vn/Uploads/images/2015/SANPHAM/BinhNN4/MSI%20GL63/MSI-GL63-fptshop-10.jpg\" src=\"https://fptshop.com.vn/Uploads/images/2015/SANPHAM/BinhNN4/MSI%20GL63/MSI-GL63-fptshop-10.jpg\" class=\"fr-fic fr-dii\"></strong></p><p>Với c&ocirc;ng nghệ &acirc;m thanh Nahimic 3, bạn c&oacute; thể đắm ch&igrave;m trong tr&ograve; chơi với &acirc;m thanh v&ograve;m 3D sống động. Bạn sẽ thấy &acirc;m thanh như đang ph&aacute;t ra từ khắp mọi hướng xung quanh m&igrave;nh. Bất kể bạn đang l&agrave;m g&igrave;, Nahimic 3 sẽ lu&ocirc;n mang tới cho bạn trải nghiệm &acirc;m thanh tuyệt vời nhất.</p>', '<ul><li><label>CPU :</label><a href=\"https://fptshop.com.vn/tin-tuc/danh-gia/tim-hieu-cac-dong-cpu-intel-tren-laptop56395\" target=\"_blank\">Intel, Core i5</a></li><li><label>RAM :</label><a href=\"https://fptshop.com.vn/tin-tuc/danh-gia/ram-la-gi-56446\" target=\"_blank\">8 GB, DDR4</a></li><li><label>Ổ cứng :</label><a href=\"https://fptshop.com.vn/tin-tuc/danh-gia/ssd-la-gi-nhung-uu-diem-so-voi-o-cung-hdd-thuong-56396\" target=\"_blank\">SSD, 256 GB</a></li><li><label>M&agrave;n h&igrave;nh :</label><a href=\"https://fptshop.com.vn/tin-tuc/danh-gia/moi-thu-ban-can-biet-khi-chon-man-hinh-laptop-56415\" target=\"_blank\">15.6 inchs, 1920 x 1080 Pixels</a></li><li><label>Card m&agrave;n h&igrave;nh :</label><a href=\"https://fptshop.com.vn/tin-tuc/danh-gia/vga-la-gi-phan-loai-va-cac-kiem-tra-vga-tren-laptop-56463\" target=\"_blank\">NVIDIA GTX1050, Card rời</a></li><li><label>Cổng kết nối :</label>LAN : Killer Gb LAN, WIFI : 802.11 ac</li><li><label>Hệ điều h&agrave;nh :</label><a href=\"https://fptshop.com.vn/tin-tuc/tin-moi/tong-hop-cac-he-dieu-hanh-thong-dung-tren-laptop-56318\" target=\"_blank\">Windows 10 Home SL 64</a></li><li><label>Trọng lượng :</label>2.3kg</li><li><label>K&iacute;ch thước :</label>383 x 260 x 29.5mm</li></ul>', 'upload/msi2.PNG', 'upload/msi.PNG', 'upload/msi3.PNG', 1, '2019-11-06 05:34:46', 0, 0),
(37, 'Laptop Dell Inspiron 14 N5430 i5P165W11SL2050', 1, 1, '<p>KM1:</p><ul><li>Trả g&oacute;p 0%/0đ</li></ul><p>KM2:</p><ul><li>Tặng Chu&ocirc;̣t kh&ocirc;ng d&acirc;y Zadez M390 <a href=\"https://fptshop.com.vn/phu-kien/chuot-khong-day-zadez-m390\" target=\"_blank\">Xem chi tiết</a></li></ul><p>Kh&aacute;ch h&agrave;ng được khuyến mại th&ecirc;m:</p><ul><li>Tặng Balo Laptop</li><li>Mua Combo Sinh vi&ecirc;n: Office 365 Personal + Lạc Việt gi&aacute; chỉ c&ograve;n 690,000 đồng</li><li>Giảm 25% Combo bảo vệ Laptop (Combo MDMH v&agrave; Phần mềm Diệt virus Eset) khi mua k&egrave;m m&aacute;y</li></ul>', '<table border=\"1\" cellpadding=\"3\" cellspacing=\"0\"><tbody><tr><td><a href=\"https://gearvn.com/collections/cpu-bo-vi-xu-ly\" target=\"_blank\"><strong>CPU</strong></a></td><td>Intel Core i5-1340P (Up to 4.6GHz) 12 Cores 16 Threads</td></tr><tr><td><a href=\"https://gearvn.com/collections/ram-pc\" target=\"_blank\"><strong>RAM</strong></a></td><td>16GB Onboard LPDDR5 4800MHz (Kh&ocirc;ng n&acirc;ng cấp)</td></tr><tr><td><a href=\"https://gearvn.com/collections/hdd-o-cung-pc\" target=\"_blank\"><strong>Ổ cứng</strong></a></td><td>512GB <a href=\"https://gearvn.com/collections/ssd-o-cung-the-ran\" target=\"_blank\">SSD</a> M.2 NVMe PCIE</td></tr><tr><td><a href=\"https://gearvn.com/collections/vga-card-man-hinh\" target=\"_blank\"><strong>Card đồ họa</strong></a></td><td>GeForce RTX 2050 4GB</td></tr><tr><td><a href=\"https://gearvn.com/pages/man-hinh\" target=\"_blank\"><strong>M&agrave;n h&igrave;nh</strong></a></td><td>14 Inch 2.5K 16:10,120Hz, &nbsp;300 nits, WVA Display, Anti-Glare</td></tr><tr><td><strong>Cổng giao tiếp</strong></td><td><ul><li>2 USB 3.2 Gen 1 Type-A ports</li><li>1 Thunderbolt 4 port with DisplayPort and Power Delivery</li><li>1 Audio jack</li><li>1 HDMI 1.4 port&nbsp;(Maximum resolution supported over HDMI is 1920x1080 @60Hz. No 4K/2K output)</li><li>1 Power-adapter port</li></ul></td></tr><tr><td><a href=\"https://gearvn.com/collections/ban-phim-may-tinh\" target=\"_blank\"><strong>B&agrave;n ph&iacute;m</strong></a></td><td>C&oacute; đ&egrave;n b&agrave;n ph&iacute;m</td></tr><tr><td><strong>Bảo mật</strong></td><td>C&oacute; bảo mật v&acirc;n tay</td></tr><tr><td><strong>Wireless + Bluetooth</strong></td><td>Intel Wi-Fi 6E + Bluetooth 5.2</td></tr><tr><td><strong>Đọc thẻ nhớ</strong></td><td>1 SD-card slot</td></tr><tr><td><strong>Audio</strong></td><td>Stereo speakers with Waves MaxxAudio Pro, 2 W x 2 = 4 W</td></tr><tr><td><a href=\"https://gearvn.com/collections/webcam\" target=\"_blank\"><strong>Webcam</strong></a></td><td>1080p at 30 fps FHD camera<br>Dual-array microphones</td></tr><tr><td><strong>Pin</strong></td><td>4-cell Li-ion, 54 Whr</td></tr><tr><td><strong>Hệ điều h&agrave;nh</strong></td><td>Windows 11 Home SL + Office Home &amp; Student 2021</td></tr><tr><td><strong>K&iacute;ch thước</strong></td><td>314 x 227.5 x 15.7~18.37mm</td></tr><tr><td><strong>Trọng lượng</strong></td><td>1.8 kg</td></tr><tr><td><strong>M&agrave;u sắc</strong></td><td>Silver</td></tr></tbody></table>', '', 'upload/Dell-ins2.1.jpg', 'upload/Dell-ins2.2.jpg', 'upload/Dell-ins2.3.jpg', 1, '2019-11-06 19:08:51', 15, 29990000),
(39, 'Laptop Dell Vostro 15 V3530 i7U085W11GRD2', 1, 2, '<ul><li>Tặng Chu&ocirc;̣t kh&ocirc;ng d&acirc;y Zadez M390 <a href=\"https://fptshop.com.vn/phu-kien/chuot-khong-day-zadez-m390\" target=\"_blank\">Xem chi tiết</a></li></ul><p>Kh&aacute;ch h&agrave;ng được khuyến mại th&ecirc;m:</p><ul><li>Tặng Balo Laptop</li><li>Mua Combo Sinh vi&ecirc;n: Office 365 Personal + Lạc Việt gi&aacute; chỉ c&ograve;n 690,000 đồng</li><li>Giảm 25% Combo bảo vệ Laptop (Combo MDMH v&agrave; Phần mềm Diệt virus Eset) khi mua k&egrave;m m&aacute;y</li></ul>', '<table border=\"1\" cellpadding=\"3\" cellspacing=\"0\"><tbody><tr><td><strong><a href=\"https://gearvn.com/collections/cpu-bo-vi-xu-ly\">CPU</a></strong></td><td>Intel Core i7-1355U (Up to 5.0GHz) 10 Cores 12 Threads</td></tr><tr><td><strong><a href=\"https://gearvn.com/collections/ram-laptop\">RAM</a></strong></td><td>8GB (1 x 8GB) DDR4 3200MHz (2x SO-DIMM socket, up to 16GB SDRAM)</td></tr><tr><td><a href=\"https://gearvn.com/collections/hdd-o-cung-laptop\" target=\"_blank\"><strong>Ổ cứng</strong></a></td><td>512GB SSD M.2 PCIe NVMe</td></tr><tr><td><strong><a href=\"https://gearvn.com/collections/vga-card-man-hinh\">Card đồ họa</a></strong></td><td>GeForce MX550 2GB GDDR6</td></tr><tr><td><a href=\"https://gearvn.com/pages/man-hinh\" target=\"_blank\"><strong>M&agrave;n h&igrave;nh</strong></a></td><td>15.6 Inch FHD (1920 x 1080), IPS, 120Hz, WVA, &nbsp;Anti-glare, 250 nits</td></tr><tr><td><strong>Cổng kết nối</strong></td><td><ul><li>1 x USB 3.2 Gen 1 port</li><li>1 x USB 2.0 port</li><li>1 x USB 3.2 Gen 1 Type-Cport</li><li>1 x Universal audio</li><li>1 x HDMI 1.4</li><li>1 x RJ45 Ethernet</li><li>1 x Power-adapter</li></ul></td></tr><tr><td><strong>Audio</strong></td><td>Stereo speakers, 2 W x 2 = 4 W total</td></tr><tr><td><strong>Webcam</strong></td><td>720p@30FPS HD Camera</td></tr><tr><td><strong>Đọc thẻ nhớ</strong></td><td>SD card slot</td></tr><tr><td><strong>Chuẩn WiFi</strong></td><td>802.11 AC</td></tr><tr><td><strong>Chuẩn LAN</strong></td><td>RJ45</td></tr><tr><td><strong>Bluetooth</strong></td><td>5.2</td></tr><tr><td><a href=\"http://gearvn.com/collections/webcam\"><strong>Webcam</strong></a></td><td>720p at 30 fps HD camera, single-integrated microphone</td></tr><tr><td><strong>Hệ điều h&agrave;nh</strong></td><td>Windows 11 Home + Office Home &amp; Student 2021</td></tr><tr><td><strong>Pin</strong></td><td>3 Cell 41WHr</td></tr><tr><td><strong>Trọng lượng</strong></td><td>1.66 kg</td></tr><tr><td><strong>M&agrave;u sắc</strong></td><td>X&aacute;m</td></tr><tr><td><strong>K&iacute;ch thước</strong></td><td>358.5 x 235.56 x 16.96 ~ 18.99 mm</td></tr></tbody></table>', '', 'upload/Dell-vostro1.1.jpg', 'upload/Dell-vostro1.2.jpg', 'upload/Dell-vostro1.3.jpg', 1, '2019-11-06 19:19:11', 13, 24490000),
(41, 'Laptop gaming MSI GP68HX 13VH 252VN', 3, 6, '<p>✔ Bảo h&agrave;nh ch&iacute;nh h&atilde;ng 24 th&aacute;ng.</p><p>✔ Hỗ trợ đổi mới trong 7 ng&agrave;y.</p><p>✔ Windows bản quyền t&iacute;ch hợp.</p><p>✔ Miễn ph&iacute; giao h&agrave;ng to&agrave;n quốc.</p>', '<table border=\"1\" cellpadding=\"3\" cellspacing=\"0\"><tbody><tr><td><a href=\"https://gearvn.com/collections/cpu-bo-vi-xu-ly\" target=\"_blank\">CPU</a></td><td>Intel Core i9-13950HX (Up to 5.5GHz) 24 Cores 32 Threads</td></tr><tr><td><a href=\"https://gearvn.com/collections/ram-laptop\" target=\"_blank\">RAM</a></td><td>16GB (2x8GB) DDR5 5600MHz (2x SO-DIMM socket, up to 64GB SDRAM)</td></tr><tr><td><a href=\"https://gearvn.com/collections/hdd-o-cung-pc\" target=\"_blank\">Ổ cứng</a></td><td>1TB NVMe PCIe Gen4x4 <a href=\"https://gearvn.com/collections/ssd-o-cung-the-ran\" target=\"_blank\">SSD</a> (2 slots)</td></tr><tr><td><a href=\"https://gearvn.com/collections/vga-card-man-hinh\" target=\"_blank\">VGA</a></td><td>NVIDIA&reg; GeForce RTX&trade; 4080 Laptop GPU 12GB GDDR6<br>Up to 2280MHz Boost Clock 175W Maximum Graphics Power with Dynamic Boost. Max. 230W CPU-GPU Power with MSI OverBoost Technology</td></tr><tr><td><a href=\"https://gearvn.com/pages/man-hinh\" target=\"_blank\">M&agrave;n h&igrave;nh</a></td><td>16inch FHD+(1920 x 1200) 16:10, 144Hz, IPS-level</td></tr><tr><td><br>Cổng giao tiếp</td><td>1x Type-C (USB3.2 Gen2 / DP)<br>1x Type-C (USB / DP / Thunderbolt&trade; 4)<br>1x Type-C (USB3.2 Gen2 / DP) with PD charging<br>1x Type-A USB3.2 Gen1<br>1x Type-A USB3.2 Gen2<br>1x SD Express Card Reader<br>1x HDMI&trade; 2.1 (8K @ 60Hz / 4K @ 120Hz)<br>1x RJ45</td></tr><tr><td><strong>B&agrave;n ph&iacute;m</strong></td><td>Per-Key RGB Gaming Keyboard by SteelSeries</td></tr><tr><td><strong>Audio</strong></td><td>2x 2W Speaker<table><tbody><tr><td>1x Mic-in/Headphone-out Combo Jack</td></tr></tbody></table></td></tr><tr><td><strong>Chu&acirc;̉n LAN</strong></td><td>Gb LAN (Up to 2.5G)</td></tr><tr><td><strong>Chuẩn WIFI</strong></td><td>802.11 ax Wi-Fi 6E</td></tr><tr><td><strong>Bluetooth</strong></td><td>v5.3</td></tr><tr><td><strong><a href=\"https://gearvn.com/collections/webcam\" target=\"_blank\">Webcam</a></strong></td><td>IR HD type (30fps@720p)<br>Webcam Shutter</td></tr><tr><td><strong>Hệ điều h&agrave;nh</strong></td><td>Windows 11 Home</td></tr><tr><td><strong>Pin</strong></td><td>4 cell, 90Whr</td></tr><tr><td><strong>Trọng lượng</strong></td><td>2.67 kg</td></tr><tr><td><strong>M&agrave;u sắc</strong></td><td>Cosmos Gray</td></tr><tr><td><strong>Kích thước</strong></td><td>357 x 284.05 x 22.20~28.55 mm</td></tr></tbody></table>', '<h2><strong>Đ&aacute;nh gi&aacute; chi tiết&nbsp;Laptop gaming MSI GP68HX 13VH 252VN</strong></h2><p>Nhắc tới laptop gaming th&igrave; kh&ocirc;ng thể kh&ocirc;ng nhắc tới MSI với c&aacute;c d&ograve;ng laptop c&oacute; cấu h&igrave;nh tốt hiệu năng vượt trội. Qu&yacute; 3 2023 vừa qua, MSI cũng đ&atilde; ch&agrave;o s&acirc;n một em laptop với CPU Intel HX mới mang t&ecirc;n Laptop gaming MSI GP68HX 13VH 252VN thoả m&atilde;n đam m&ecirc; c&agrave;y đồ hoạ v&agrave; chiến game của anh em.</p><p><img alt=\"Laptop gaming MSI GP68HX 13VH 252VN\" src=\"https://file.hstatic.net/200000722513/file/gearvn-laptop-gaming-msi-gp68hx-13vh-252vn-1_4cdb095d225f4470836922c4ba877e49.png\" class=\"fr-fic fr-dii\"></p><h3><strong>Laptop gaming sở hữu con chip Intel Gen 13 mạnh mẽ</strong></h3><p>Laptop gaming MSI GP68HX 13VH được trang bị chip Intel Core i9 - 13950HX c&oacute; cho m&igrave;nh 24 l&otilde;i c&ugrave;ng 32 luồng kết hợp với card đồ hoạ Nvidia Geforce RTX 4080 12GB GDDR6 gi&uacute;p m&aacute;y hoạt động mượt m&agrave; m&agrave; kh&ocirc;ng gặp t&igrave;nh trạng tắt nghẽn khi xử l&yacute; game hoặc c&aacute;c đồ hoạ hạng nặng.</p><p>Nvidia Geforce RTX 4080 12GB GDDR6 đem đến hiệu suất xử l&yacute; h&igrave;nh ảnh mạnh mẽ gi&uacute;p bạn trải nghiệm h&igrave;nh ảnh sắc n&eacute;t hơn bao giờ hết.</p><p><img alt=\"Laptop gaming MSI GP68HX 13VH 252VN\" src=\"https://file.hstatic.net/200000722513/file/gearvn-laptop-gaming-msi-gp68hx-13vh-252vn-4_78c2d5d36355434b8434b72a228d5ad1.png\" class=\"fr-fic fr-dii\"></p><h3><strong>C&acirc;n nhiều ứng dụng c&ugrave;ng l&uacute;c với bộ RAM ưu việt</strong></h3><p>RAM 16GB DDR5 5600MHz l&agrave; bộ RAM được MSI lựa chọn cho chiếc laptop gaming lần n&agrave;y. Với hệ thống Dual Channel cho 2 khe RAM hỗ trợ tối ưu ho&aacute; dung lượng RAM v&agrave; cải thiện hiệu năng đa nhiệm của m&aacute;y. Laptop gaming MSI GP68HX 13VH c&oacute; thể thoải m&aacute;i chạy nhiều cấu h&igrave;nh cao m&agrave; kh&ocirc;ng sợ hiện tượng giật, lag hay đơ m&aacute;y.</p><p><img alt=\"Laptop gaming MSI GP68HX 13VH 252VN\" src=\"https://file.hstatic.net/200000722513/file/gearvn-laptop-gaming-msi-gp68hx-13vh-252vn-2_56f60d10ce0c4321af179754c2281af4.png\" class=\"fr-fic fr-dii\"></p><p>&nbsp;</p><h3><strong>Sở hữu ổ dung lượng khổng lồ </strong></h3><p>Laptop gaming MSI GP68HX 13VH trang bị cho m&igrave;nh SSD 1TB PCle Gen4 với khả năng truy xuất với tốc độ cao khiến cho m&aacute;y kh&ocirc;ng bị giật lag trong qu&aacute; tr&igrave;nh sử dụng. B&ecirc;n cạnh đ&oacute; MSI c&ograve;n trang bị th&ecirc;m cho anh em 1 khe cắm gi&uacute;p anh em mở rộng ổ dung lượng của m&igrave;nh, đ&aacute;p ứng được nhu cầu lưu trữ ng&agrave;y c&agrave;ng nhiều của người d&ugrave;ng.</p><p><img alt=\"Laptop gaming MSI GP68HX 13VH 252VN\" src=\"https://file.hstatic.net/200000722513/file/gearvn-laptop-gaming-msi-gp68hx-13vh-252vn-9_f2a7c76fd96743438c7d4162c1208041.png\" class=\"fr-fic fr-dii\"></p><h3><strong>Trải nghiệm cảm gi&aacute;c ch&acirc;n thật với m&agrave;n h&igrave;nh sắc n&eacute;t</strong></h3><p>Một chiếc laptop được đầu tư m&agrave;n h&igrave;nh MSI 16&rsquo;&rsquo; c&ugrave;ng tấm nền IPS chất lượng cao v&agrave; tần số qu&eacute;t 144Hz, cung cấp cho anh em một m&agrave;n h&igrave;nh laptop vượt trội với độ ph&acirc;n giải v&agrave; tần số qu&eacute;t cao. M&agrave;n h&igrave;nh laptop gaming MSI GP68HX 13VH gi&uacute;p bạn chơi game v&agrave; thiết kế đồ hoạ một c&aacute;ch dễ d&agrave;ng d&ugrave; l&agrave; nơi &aacute;nh s&aacute;ng c&oacute; cường độ mạnh, bạn vẫn nhận được h&igrave;nh ảnh c&oacute; chất lượng r&otilde; n&eacute;t v&agrave; mượt m&agrave;.</p><p>Thiết kế đường viền m&agrave;n h&igrave;nh mỏng nhằm tối ưu ho&aacute; kh&ocirc;ng gian hiển thị để bạn c&oacute; thể tận hưởng trải nghiệm giải tr&iacute; một c&aacute;ch tốt nhất.</p><p><img alt=\"Laptop gaming MSI GP68HX 13VH 252VN\" src=\"https://file.hstatic.net/200000722513/file/gearvn-laptop-gaming-msi-gp68hx-13vh-252vn-10_13c969b7cae149e184fca4ea32d76436.png\" class=\"fr-fic fr-dii\"></p><h3><strong>B&agrave;n ph&iacute;m đủ sắc m&agrave;u</strong></h3><p>Được thiết kế với h&agrave;nh tr&igrave;nh ph&iacute;m s&acirc;u c&ugrave;ng như k&iacute;ch thước vừa phải đem đến cho anh em cảm gi&aacute;c thoải m&aacute;i nhất khi g&otilde; ph&iacute;m hỗ trợ bạn chơi game v&agrave; đồ hoạ một c&aacute;ch nhanh lẹ v&agrave; ch&iacute;nh x&aacute;c nhất.</p><p>Th&ecirc;m v&agrave;o đ&oacute; c&aacute;c phim A S D W v&agrave; c&aacute;c ph&iacute;m mũi t&ecirc;n được thiết kế với m&agrave;u sắc nổi bật khiến bạn dễ d&agrave;ng c&aacute;c c&ocirc;ng việc văn ph&ograve;ng một c&aacute;ch hiệu quả. Đi c&ugrave;ng t&iacute;nh năng Per - key RGB LED cho ph&eacute;p anh em tuỳ chỉnh từng m&agrave;u sắc tr&ecirc;n b&agrave;n ph&iacute;m một c&aacute;ch độc đ&aacute;o theo sở th&iacute;ch ri&ecirc;ng của m&igrave;nh.</p><p><img alt=\"Laptop gaming MSI GP68HX 13VH 252VN\" src=\"https://file.hstatic.net/200000722513/file/gearvn-laptop-gaming-msi-gp68hx-13vh-252vn-11_447f1263ef4940b79abe61897910a580.png\" class=\"fr-fic fr-dii\"></p><h3><strong>Đối lưu kh&ocirc;ng kh&iacute; vượt trội c&ugrave;ng bộ lọc gi&oacute; Cooler Boost 5</strong></h3><p>Anh em chơi game thường xuy&ecirc;n chắc hẳn lu&ocirc;n lưu t&acirc;m đến hệ thống lọc gi&oacute; để laptop của m&igrave;nh lu&ocirc;n c&oacute; nhiệt độ l&yacute; tưởng d&ugrave; l&agrave; những trận chiến nảy lửa nhất. Vậy th&igrave; việc lựa chọn laptop gaming MSI GP68HX 13VH l&agrave; lựa chọn hợp l&yacute; nhất nhờ trang bị 6 ống tản nhiệt, 2 quạt l&agrave;m m&aacute;t c&ugrave;ng 4 lỗ tho&aacute;t kh&iacute; gi&uacute;p bộ tản nhiệt được hoạt động hiệu quả. Hệ thống tản nhiệt của laptop gaming n&agrave;y gi&uacute;p lu&acirc;n chuyển giữa luồng kh&ocirc;ng kh&iacute; n&oacute;ng v&agrave; kh&ocirc;ng kh&iacute; m&ocirc;i trường hỗ trợ l&agrave;m m&aacute;t cho laptop của bạn trong suốt thời gian chiến game v&agrave; xử l&yacute; đồ hoạ trong khoảng thời gian d&agrave;i.</p><p><img alt=\"Laptop gaming MSI GP68HX 13VH 252VN\" src=\"https://file.hstatic.net/200000722513/file/gearvn-laptop-gaming-msi-gp68hx-13vh-252vn-14_3cbc85de09d141bdbd4116cd6b69adcc.png\" class=\"fr-fic fr-dii\"></p><h3><strong>Đa dạng kết nối tr&ecirc;n laptop MSI GP68 HX</strong></h3><p>MSI GP68HX 13VH sở hữu th&ecirc;m một điểm cộng lớn nữa đ&oacute; l&agrave; c&oacute; cho m&igrave;nh sự tiện &iacute;ch nhờ đầy đủ c&aacute;c cổng kết nối. Việc sở hữu đa cổng kết nối gi&uacute;p anh em sử dụng đa dạng thiết bị gaming gear kh&aacute;c nhau mang lại sự linh hoạt nhất trong c&ocirc;ng việc v&agrave; giải tr&iacute;.</p><p><img alt=\"Laptop gaming MSI GP68HX 13VH 252VN\" src=\"https://file.hstatic.net/200000722513/file/gearvn-laptop-gaming-msi-gp68hx-13vh-252vn-12_fb0c0046c53e4a71a75c59f2540ea9e7.png\" class=\"fr-fic fr-dii\"></p>', 'upload/msi-gaming1.1.jpg', 'upload/msi-gaming1.2.jpg', 'upload/msi-gaming1.3.jpg', 1, '2019-11-06 19:29:25', 6, 61990000),
(42, 'Lenovo Ideadpad S340-15IWL/Core I3 8145U/4GB/256G SSD/WIN10', 2, 4, '<p>Kh&aacute;ch h&agrave;ng chọn 1 trong 2 khuyến mại sau:</p><p>KM1:</p><ul><li>Trả g&oacute;p 0%/0đ</li></ul><p>KM2:</p><ul><li>Tặng Chu&ocirc;̣t kh&ocirc;ng d&acirc;y Zadez M390 <a href=\"https://fptshop.com.vn/phu-kien/chuot-khong-day-zadez-m390\" target=\"_blank\">Xem chi tiết</a></li><li>Tặng Tai nghe c&oacute; d&acirc;y cho&agrave;ng đầu i.value T-127 <a href=\"https://fptshop.com.vn/phu-kien/tai-nghe-co-day-choang-dau-ivalue-t-127-black\" target=\"_blank\">Xem chi tiết</a></li></ul><p>Kh&aacute;ch h&agrave;ng được khuyến mại th&ecirc;m:</p><ul><li>Tặng Balo Laptop</li><li>Mua Combo Sinh vi&ecirc;n: Office 365 Personal + Lạc Việt gi&aacute; chỉ c&ograve;n 690,000 đồng</li><li>Giảm 25% Combo bảo vệ Laptop (Combo MDMH v&agrave; Phần mềm Diệt virus Eset) khi mua k&egrave;m m&aacute;y</li></ul>', '', '<p><strong>Đẹp mắt, tiện dụng v&agrave; bền bỉ l&agrave; những cụm từ m&ocirc; tả trọn vẹn phẩm chất của Ideadpad S340-15IWL &ndash; chiếc laptop tầm trung hấp dẫn đến từ Lenovo. Sở hữu m&agrave;n h&igrave;nh 15.6 inch được thiết kế gần như kh&ocirc;ng viền, sản phẩm mang lại trải nghiệm giải tr&iacute; tốt v&agrave; cũng trở th&agrave;nh điểm nhấn g&acirc;y ấn tượng mạnh trong mắt kh&aacute;ch h&agrave;ng.</strong></p><p><img alt=\"Mô tả sản phẩm Lenovo Ideadpad S340-15IWL 1\" data-original=\"https://fptshop.com.vn/Uploads/images/2015/Tin-Tuc/AnhNQ/2610/Mo-ta-san-pham-lenovo-ideadpad-s340-15iwl-1.jpg\" src=\"https://fptshop.com.vn/Uploads/images/2015/Tin-Tuc/AnhNQ/2610/Mo-ta-san-pham-lenovo-ideadpad-s340-15iwl-1.jpg\" class=\"fr-fic fr-dii\"></p><p>&nbsp;</p><h3><strong>Diện mạo thanh lịch, nhẹ nh&agrave;ng v&agrave; tiện dụng</strong></h3><p>Lenovo Ideadpad S340-15IWL c&oacute; trọng lượng l&agrave; 1.75 kg, đ&acirc;y l&agrave; th&ocirc;ng số nhẹ ấn tượng nếu so s&aacute;nh với những mẫu laptop 15.6 inch tr&ecirc;n thị trường. C&aacute;ch thiết kế viền m&agrave;n h&igrave;nh si&ecirc;u mỏng gi&uacute;p tiết kiệm diện t&iacute;ch n&ecirc;n sản phẩm chỉ c&oacute; k&iacute;ch cỡ tổng thể gọn g&agrave;ng ở mức 35.5 x 24 x 25 mm, tạo th&agrave;nh lợi thế gia tăng sự tiện dụng của Ideadpad S340-15IWL, gi&uacute;p người d&ugrave;ng mang theo m&aacute;y dễ d&agrave;ng để l&agrave;m việc mọi nơi mọi l&uacute;c. C&ocirc;ng nghệ bản lề đặc biệt cho ph&eacute;p mở m&agrave;n h&igrave;nh tới 180 độ cũng hỗ trợ chủ nh&acirc;n thoải m&aacute;i l&agrave;m việc khi đặt m&aacute;y ở nhiều tư thế kh&aacute;c nhau.</p><p><img alt=\"Mô tả sản phẩm Lenovo Ideadpad S340-15IWL 2\" data-original=\"https://fptshop.com.vn/Uploads/images/2015/Tin-Tuc/AnhNQ/2610/Mo-ta-san-pham-lenovo-ideadpad-s340-15iwl-3.jpg\" src=\"https://fptshop.com.vn/Uploads/images/2015/Tin-Tuc/AnhNQ/2610/Mo-ta-san-pham-lenovo-ideadpad-s340-15iwl-3.jpg\" class=\"fr-fic fr-dii\"></p><p>&nbsp;</p><h3><strong>Khỏi lo ch&oacute;i mắt với c&ocirc;ng nghệ m&agrave;n h&igrave;nh Anti-Glare</strong></h3><p>Sở hữu m&agrave;n h&igrave;nh 15.6 inch với độ ph&acirc;n giải Full HD (1.920 x 1.080 pixels) Ideadpad S340-15IWL mang tới chất lượng h&igrave;nh ảnh sắc sảo v&agrave; ch&acirc;n thực. Kh&ocirc;ng chỉ vậy, để hạn chế sự kh&oacute; chịu do &aacute;nh s&aacute;ng phản chiếu v&agrave;o m&agrave;n h&igrave;nh khi sử dụng ngo&agrave;i trời, Lenovo c&ograve;n t&iacute;ch hợp cho m&agrave;n h&igrave;nh của chiếc m&aacute;y t&iacute;nh x&aacute;ch tay n&agrave;y c&ocirc;ng nghệ chống ch&oacute;i Anti-Glare hạn chế hiện tượng l&oacute;a mỏi mắt.</p><p><img alt=\"Mô tả sản phẩm Lenovo Ideadpad S340-15IWL 3\" data-original=\"https://fptshop.com.vn/Uploads/images/2015/Tin-Tuc/AnhNQ/2610/Mo-ta-san-pham-lenovo-ideadpad-s340-15iwl-2.jpg\" src=\"https://fptshop.com.vn/Uploads/images/2015/Tin-Tuc/AnhNQ/2610/Mo-ta-san-pham-lenovo-ideadpad-s340-15iwl-2.jpg\" class=\"fr-fic fr-dii\"></p><p>&nbsp;</p><h3><strong>C&ocirc;ng cụ tuyệt vời để học tập v&agrave; l&agrave;m việc h&agrave;ng ng&agrave;y</strong></h3><p>Mang trong m&igrave;nh bộ vi xử l&yacute; Intel Core i3 thế hệ thứ 8 xung nhịp 2.1GHz, Ideadpad S340 thể hiện hiệu năng l&agrave;m việc ổn định v&agrave; chạy mượt c&aacute;c c&ocirc;ng cụ l&agrave;m việc văn ph&ograve;ng. Bộ RAM 4GB DDR4 đảm bảo khả năng đa nhiệm tốt d&ugrave; bạn c&oacute; chạy nhiều t&aacute;c vụ c&ugrave;ng l&uacute;c. Ngo&agrave;i ra, điểm cộng kh&oacute; l&ograve;ng bỏ qua trong cấu h&igrave;nh của laptop Ideadpad S340 l&agrave; sự g&oacute;p mặt của ổ cứng SSD dung lượng 256GB gi&uacute;p r&uacute;t ngắn qu&aacute; tr&igrave;nh khởi động m&aacute;y v&agrave; mở ứng dụng nhanh ch&oacute;ng hơn nhiều.</p><p><img alt=\"Mô tả sản phẩm Lenovo Ideadpad S340-15IWL 5\" data-original=\"https://fptshop.com.vn/Uploads/images/2015/Tin-Tuc/AnhNQ/2610/Mo-ta-san-pham-lenovo-ideadpad-s340-15iwl-5.jpg\" src=\"https://fptshop.com.vn/Uploads/images/2015/Tin-Tuc/AnhNQ/2610/Mo-ta-san-pham-lenovo-ideadpad-s340-15iwl-5.jpg\" class=\"fr-fic fr-dii\"></p><p>&nbsp;</p><h3><strong>Hệ thống cổng kết nối phong ph&uacute;</strong></h3><p>Ideadpad S340 sở hữu hệ thống cổng kết nối phong ph&uacute; đa dạng ở c&aacute;c cạnh b&ecirc;n như cổng USB 3.0, USB Type-C, HDMI, jack cắm tai nghe/mic 3.5 mm, việc truy xuất &acirc;m thanh, h&igrave;nh ảnh từ laptop của bạn tới c&aacute;c thiết bị ngoại vi như loa, m&agrave;n chiếu hay TV sẽ trở n&ecirc;n dễ d&agrave;ng hơn bao giờ hết.</p><p><img alt=\"Mô tả sản phẩm Lenovo Ideadpad S340-15IWL 4\" data-original=\"https://fptshop.com.vn/Uploads/images/2015/Tin-Tuc/AnhNQ/2610/Mo-ta-san-pham-lenovo-ideadpad-s340-15iwl-4.jpg\" src=\"https://fptshop.com.vn/Uploads/images/2015/Tin-Tuc/AnhNQ/2610/Mo-ta-san-pham-lenovo-ideadpad-s340-15iwl-4.jpg\" class=\"fr-fic fr-dii\"></p><p>&nbsp;</p><h3><strong>Ph&aacute;t huy tối đa sức mạnh phần cứng với Windows 10 Home</strong></h3><p>Nhằm tận dụng tối đa sức mạnh phần cứng của Lenovo Ideadpad S340-15IWL, nh&agrave; sản xuất đ&atilde; c&agrave;i đặt sẵn phi&ecirc;n bản Windows 10 Home cho thiết bị ngay từ đầu. Sự mượt m&agrave; v&agrave; c&aacute;c t&iacute;nh năng của Windows 10 Homes sẽ đảm bảo trải nghiệm phần mềm lu&ocirc;n lu&ocirc;n ổn định trong suốt qu&aacute; tr&igrave;nh bạn sử dụng thiết bị</p>', 'upload/9.1.PNG', 'upload/9.2.PNG', 'upload/', 1, '2019-11-07 06:50:17', 10, 11390000);
INSERT INTO `tbl_sp` (`id_sp`, `name_sp`, `id_loaisp`, `id_hangsx`, `noibat`, `thongso_sp`, `mota_sp`, `img1`, `img2`, `img3`, `status`, `dateCreate`, `sale`, `gia_sp`) VALUES
(44, 'MSI GE63 8RE-410VN Raider RGB Edition | i7-8750H | 16GB DDR4 | 128GB SSD + 1TB HDD | GeForce GTX 1060 6GB | 15.6 FHD 120Hz | Win10', 3, 5, '<ul><li>Kh&aacute;ch h&agrave;ng chọn 1 trong c&aacute;c g&oacute;i KM:<br>KM1 - Tặng 5.500.000đ (Đ&atilde; trừ v&agrave;o gi&aacute;)<br>KM2 - N&acirc;ng cấp miễn ph&iacute; SSD 512GB PCIe Samsung<br>KM3 - Trả g&oacute;p l&atilde;i suất 0%</li><li>Hộp qu&agrave; tặng Loot Box LV.2 (SL c&oacute; hạn):<br>- Tai nghe Gaming MSI ch&iacute;nh h&atilde;ng<br>- Balo t&uacute;i r&uacute;t MSI cực chất<br>- B&uacute;p b&ecirc; rồng b&ocirc;ng MSI</li><li>Bộ qu&agrave; tặng đi k&egrave;m:<br>- Balo MSI Hecate Gaming Backpack II ch&iacute;nh h&atilde;ng<br>- Chuột Gaming MSI ch&iacute;nh h&atilde;ng<br>- L&oacute;t chuột Gaming size XXXL</li><li>C&acirc;n chỉnh m&agrave;u miễn ph&iacute; định k&igrave;</li><li>Vệ sinh m&aacute;y (tra keo tản nhiệt)</li><li>Cộng đồng hỗ trợ kỹ thuật: <a href=\"https://www.facebook.com/groups/320152121754260/\">Tham gia</a></li></ul>', '<table><tbody><tr><td>Model</td><td>MSI GE63 8RE-410VN Raider RGB Edition</td></tr><tr><td>CPU</td><td>Intel&reg; Core&trade; i7-8750H (2.20GHz upto 4.10GHz, 6Cores, 12Threads, 9MB cache, FSB 8GT/s)</td></tr><tr><td>RAM</td><td>16GB DDR4 2666MHz, 2 Slots, Max 32GB</td></tr><tr><td>Ổ cứng</td><td>128GB SSD M.2 PCIe3x4 NMVe (Super Raid) + 1TB HDD 7200rpm</td></tr><tr><td>CD/DVD</td><td>None</td></tr><tr><td>Card VGA</td><td>NVIDIA GeForce&reg; GTX 1060 6GB GDDR5</td></tr><tr><td>M&agrave;n h&igrave;nh</td><td>15.6-inch FHD (1920*1080), 120Hz wideview 94%NTSC color Anti-Glare 3ms</td></tr><tr><td>Kết nối</td><td>Killer Gb LAN<br>Intel Wireless-AC 9560 (2*2 a/c) + BT5</td></tr><tr><td>B&agrave;n ph&iacute;m</td><td>SteelSeries Backlight Keyboard (Per-Key RGB, Full-Color)</td></tr><tr><td>Tản nhiệt</td><td>Cooler Boost 5 (2 Quạt + 7 Ống dẫn nhiệt + 4 Ống xả)</td></tr><tr><td>T&iacute;ch hợp</td><td>1x Mic-in<br>1x Headphone-out (HiFi / SPDIF)<br>1x Type-C USB3.1 Gen2<br>2x Type-A USB3.1 Gen1<br>1x Type-A USB3.1 Gen2<br>1x RJ45 1x SD (XC/HC)<br>1x (4K @ 60Hz) HDMI<br>1x Mini-DisplayPort</td></tr><tr><td>Trọng lượng</td><td>2.49 kg</td></tr><tr><td>Pin</td><td>6-Cell 51 Whr</td></tr><tr><td>Hệ điều h&agrave;nh</td><td>Windows 10 Home bản quyền</td></tr></tbody></table>', '', 'upload/11.1.PNG', 'upload/11.2.PNG', 'upload/11.3.PNG', 1, '2019-11-07 09:33:48', 2, 39990000),
(45, 'Laptop Dell Vostro 3430 71011900', 1, 2, '<p>✔ Bảo h&agrave;nh ch&iacute;nh h&atilde;ng 12 th&aacute;ng.</p><p>✔ Hỗ trợ đổi mới trong 7 ng&agrave;y.</p><p>✔ Windows bản quyền t&iacute;ch hợp.</p><p>✔ Miễn ph&iacute; giao h&agrave;ng to&agrave;n quốc.</p>', '<table border=\"1\" cellpadding=\"3\" cellspacing=\"0\"><tbody><tr><td><strong><a href=\"https://gearvn.com/collections/cpu-bo-vi-xu-ly\">CPU</a></strong></td><td>i5-1335U up to 4.6Ghz, 10 Cores 12 Threads,&nbsp;12 MB Intel&reg; Smart Cache</td></tr><tr><td><strong><a href=\"https://gearvn.com/collections/ram-laptop\">RAM</a></strong></td><td>8GB (8x1) DDR4 2666MHz (2x SO-DIMM socket, up to 16GB SDRAM)</td></tr><tr><td><a href=\"https://gearvn.com/collections/hdd-o-cung-laptop\" target=\"_blank\"><strong>Ổ cứng</strong></a></td><td>512GB M.2 NVMe (1 Slot)</td></tr><tr><td><strong><a href=\"https://gearvn.com/collections/vga-card-man-hinh\">Card đồ họa</a></strong></td><td>Intel Iris Xe Graphics (with dual channel memory)<br>Intel&reg; UHD Graphics</td></tr><tr><td><a href=\"https://gearvn.com/pages/man-hinh\" target=\"_blank\"><strong>M&agrave;n h&igrave;nh</strong></a></td><td>14 inch FHD (1920 x 1080) 60Hz 250 nits IPS Anti- Glare LED Backlit Narrow Border Display</td></tr><tr><td><strong>Cổng kết nối</strong></td><td><ul><li>1x USB 2.0</li><li>1x USB 3.2 Gen 1 port</li><li>1x USB 3.2 Gen 1 Type-C port</li><li>1x USB 3.2 Gen 1 Type-C port with DisplayPort Alt Mode 1.4/Power Delivery</li></ul></td></tr><tr><td><a href=\"https://gearvn.com/collections/ban-phim-may-tinh\" target=\"_blank\"><strong>B&agrave;n ph&iacute;m</strong></a></td><td>LED đơn sắc</td></tr><tr><td><strong>Audio</strong></td><td>Stereo speakers, 2 W x 2 = 4 W total</td></tr><tr><td><strong>Đọc thẻ nhớ</strong></td><td>SD card slot</td></tr><tr><td><strong>Chuẩn WiFi</strong></td><td>WiFi 802.11ac</td></tr><tr><td><strong>Bluetooth</strong></td><td>v5.0</td></tr><tr><td><a href=\"https://gearvn.com/collections/webcam\"><strong>Webcam</strong></a></td><td>FHD camera, single-integrated microphone</td></tr><tr><td><strong>Hệ điều h&agrave;nh</strong></td><td>Windows 11 Home + Office Home &amp; Student 2021</td></tr><tr><td><strong>Pin</strong></td><td>3 Cell pin liền</td></tr><tr><td><strong>Trọng lượng</strong></td><td>1.46 kg</td></tr><tr><td><strong>M&agrave;u sắc</strong></td><td>Titan Grey</td></tr><tr><td><strong>K&iacute;ch thước</strong></td><td>323 x 220 x 19 mm</td></tr></tbody></table>', '<h2><strong>Đ&aacute;nh gi&aacute; chi tiết laptop Dell Vostro 3430 71011900</strong></h2><p>Laptop <strong><a href=\"https://gearvn.com/collections/laptop-dell-vostro-series\" target=\"_blank\">Dell Vostro</a> 3430 71011900</strong> mang đến hiệu suất l&agrave;m việc cao, xử l&yacute; mọi t&aacute;c vụ nhanh ch&oacute;ng trong thiết kế gọn nhẹ đầy thanh lịch. Đ&acirc;y l&agrave; một trong những sản phẩm <a href=\"https://gearvn.com/pages/laptop-van-phong\" target=\"_blank\">laptop văn ph&ograve;ng</a> phổ th&ocirc;ng thu h&uacute;t được nhiều sự quan t&acirc;m của kh&aacute;ch h&agrave;ng nhất tại <a href=\"https://gearvn.com/\" target=\"_blank\">GEARVN</a>. Nếu bạn đang t&igrave;m kiếm một sản phẩm laptop học tập - l&agrave;m việc mỗi ng&agrave;y th&igrave; đ&acirc;y ch&iacute;nh x&aacute;c l&agrave; lựa chọn d&agrave;nh cho bạn.</p><p><img alt=\"GEARVN - Laptop Dell Vostro 3430 71011900\" src=\"https://file.hstatic.net/1000026716/file/gearvn-laptop-dell-vostro-3430-71011900-1_7cce001272ea46e79cee4ae92492ed53.png\" class=\"fr-fic fr-dii\"></p><h3><strong>Thiết kế sang trọng đầy thanh lịch từ Dell Vostro 3430 71011900</strong></h3><p>Dell Vostro 3430 71011900 sở hữu v&oacute;c d&aacute;ng gọn nhẹ chỉ ~1.46 Kg m&agrave;u x&aacute;m titan hiện đại v&agrave; độc đ&aacute;o. Vỏ m&aacute;y t&iacute;nh được l&agrave;m bằng nhựa cao cấp c&ugrave;ng nắp lưng kim loại l&agrave;m n&ecirc;n sự cứng c&aacute;p cho sản phẩm. Phần đế n&acirc;ng tự động khi mở nắp m&aacute;y tạo một độ nghi&ecirc;ng nhất định cho tư thế l&agrave;m việc tốt hơn. K&iacute;ch thước của laptop Dell Vostro 3430 khoảng 323 x 220 x 19 mm thể hiện sự nhỏ v&agrave; gọn gi&uacute;p người d&ugrave;ng c&oacute; thể đặt l&ecirc;n b&agrave;n l&agrave;m việc thoải m&aacute;i hơn hoặc thậm ch&iacute; mang đi bất kỳ đ&acirc;u cũng dễ d&agrave;ng hơn.</p><p><img alt=\"GEARVN - Laptop Dell Vostro 3430 71011900\" src=\"https://file.hstatic.net/1000026716/file/gearvn-laptop-dell-vostro-3430-71011900-4_bffcdb0b101d45f1a2afffada4be1f77.png\" class=\"fr-fic fr-dii\"></p><h3><strong>Mang lại hiệu năng hấp dẫn </strong></h3><p>Dell Vostro 3430 71011900 được đ&aacute;nh gi&aacute; l&agrave; một trong những sản phẩm laptop tầm trung c&oacute; hiệu năng ổn định cho mọi nhu cầu văn ph&ograve;ng phổ th&ocirc;ng. H&atilde;ng đ&atilde; trang bị tr&ecirc;n chiếc m&aacute;y n&agrave;y bộ vi xử l&yacute; Intel Core i5-1335U thế hệ 13 mới nhất xử l&yacute; mọi c&ocirc;ng việc văn ph&ograve;ng tr&ecirc;n Word, Excel, Powerpoint mượt m&agrave;. K&egrave;m theo l&agrave; VGA t&iacute;ch hợp <a href=\"https://gearvn.com/blogs/thu-thuat-giai-dap/intel-iris-xe-graphics-la-gi\" target=\"_blank\">Intel Iris Xe Graphics</a> đảm nhiệm tốt c&aacute;c vấn đề li&ecirc;n quan đến đồ họa tr&ecirc;n một chiếc laptop văn ph&ograve;ng gi&aacute; rẻ.</p><p><img alt=\"GEARVN - Laptop Dell Vostro 3430 71011900\" src=\"https://file.hstatic.net/1000026716/file/gearvn-laptop-dell-vostro-3430-71011900-3_ce7b2f98f5324ce9b016a1cf72a79108.png\" class=\"fr-fic fr-dii\"></p><p>Nhờ được trang bị bộ nhớ RAM 8GB DDR4 c&oacute; tốc độ Bus RAM l&ecirc;n đến 2666MHz cho người d&ugrave;ng tận hưởng được khả năng xử l&yacute; đa nhiệm nhanh ch&oacute;ng. Việc sử dụng nhiều ứng dụng c&ugrave;ng l&uacute;c cũng kh&ocirc;ng lo gặp trở ngại hay kh&oacute; khăn g&igrave;. Ngo&agrave;i ra Dell c&ograve;n mang tới kho lưu trữ 512GB PCIe NVMe SSD để việc sao lưu dữ liệu quan trọng được thuận lợi.</p><h3><strong>M&agrave;n h&igrave;nh sắc n&eacute;t c&ugrave;ng &acirc;m thanh sống động</strong></h3><p>Dell Vostro 3430 sở hữu m&agrave;n h&igrave;nh 14 inch với độ ph&acirc;n giải <a href=\"https://gearvn.com/collections/do-phan-giai-full-hd-1080p\" target=\"_blank\">Full HD</a> để những trải nghiệm qua m&agrave;n ảnh được trọn vẹn. C&ocirc;ng nghệ chống ch&oacute;i Anti-glare bảo vệ cho đ&ocirc;i mắt khỏi những t&aacute;c nh&acirc;n g&acirc;y hại bởi &aacute;nh s&aacute;ng xanh, song đ&oacute; l&agrave; Wide Viewing Angle (WVA) cho g&oacute;c nh&igrave;n đẹp ở mọi vị tr&iacute;. Kết hợp c&ugrave;ng &acirc;m thanh độ n&eacute;t cao cho kh&ocirc;ng gian giải tr&iacute; như chơi game, nghe nhạc hay xem phim ch&acirc;n thật hơn bao giờ hết. Việc sử dụng laptop để video call c&ugrave;ng bạn b&egrave;, người th&acirc;n hay học tập v&agrave; l&agrave;m việc trực tuyến đ&atilde; kh&ocirc;ng c&ograve;n xa lạ trong thời điểm hiện nay. V&igrave; thế Dell đ&atilde; trang bị cho laptop Dell Vostro 3430 webcam HD c&oacute; độ ph&acirc;n giải l&agrave; 720p cho h&igrave;nh ảnh r&otilde; n&eacute;t hơn khi sử dụng.</p><p><img alt=\"GEARVN - Laptop Dell Vostro 3430 71011900\" src=\"https://file.hstatic.net/1000026716/file/gearvn-laptop-dell-vostro-3430-71011900-2_86d61c6e4f284b80b79da0c560377864.png\" class=\"fr-fic fr-dii\"></p><h3><strong>Trang bị đầy đủ cổng kết nối</strong></h3><p>Dọc theo 2 b&ecirc;n th&acirc;n m&aacute;y Dell Vostro 3430 l&agrave; c&aacute;c cổng kết nối như: USB 2.0, USB gen 1 v&agrave; USB Type C để bạn tiện kết nối với nhiều thiết bị ngoại vi kh&aacute;c, hỗ trợ trải nghiệm sử dụng của m&igrave;nh.</p><p><img alt=\"GEARVN - Laptop Dell Vostro 3430 71011900\" src=\"https://file.hstatic.net/1000026716/file/gearvn-laptop-dell-vostro-3430-71011900-6_96c8598add114bb1866fea0d69828fb2.png\" class=\"fr-fic fr-dii\"></p><p>Dell Vostro 3430 71011900 mang một vẻ đẹp hiện đại với những t&iacute;nh năng l&agrave;m việc hấp dẫn m&agrave; bất kỳ người d&ugrave;ng n&agrave;o cũng muốn sở hữu cho c&aacute;c c&ocirc;ng việc hằng ng&agrave;y. Hứa hẹn mang tới nhiều trải nghiệm thực tế hấp dẫn hơn những th&ocirc;ng tin được chia sẻ từ GEARVN đấy nh&eacute;!</p><p><img alt=\"GEARVN - Laptop Dell Vostro 3430 71011900\" src=\"https://file.hstatic.net/1000026716/file/gearvn-laptop-dell-vostro-3430-71011900-7_42661c8969d140c78ab7683892e18b9b.png\" class=\"fr-fic fr-dii\"></p>', 'upload/Dell-vostro2.1.jpg', 'upload/Dell-vostro2.2.jpg', 'upload/Dell-vostro2.3.jpg', 1, '2019-11-13 15:23:12', 14, 20990000),
(55, 'Laptop gaming Lenovo Legion 9 16IRX9 83G0001AVN', 2, 7, '<p>✔ Bảo h&agrave;nh ch&iacute;nh h&atilde;ng 24 th&aacute;ng.</p><p>✔ Hỗ trợ đổi mới trong 7 ng&agrave;y.</p><p>✔ Miễn ph&iacute; giao h&agrave;ng to&agrave;n quốc.</p>', '<h2><strong>Th&ocirc;ng số kĩ thuật: </strong></h2><table border=\"1\" cellpadding=\"3\" cellspacing=\"0\"><tbody><tr><td><strong>CPU</strong></td><td>Intel&reg; Core&trade; i9-14900HX, 24C (8P + 16E) / 32T, P-core 2.2 / 5.8GHz, E-core 1.6 / 4.1GHz, 36MB</td></tr><tr><td><strong>RAM</strong></td><td>64GB (2x32GB) SO-DIMM DDR5 5600MHz (2 slots, n&acirc;ng cấp tối đa 64GB)</td></tr><tr><td><strong>Ổ cứng</strong></td><td>2TB (2 x 1TB) SSD M.2 2280 PCIe&reg; 4.0x4 NVMe&reg; (2&nbsp;slots&nbsp;M.2 2280 PCIe&reg; 4.0 x4)</td></tr><tr><td><strong>Card đồ họa</strong></td><td>NVIDIA&reg; GeForce RTX&trade; 4090 16GB GDDR6, Boost Clock 2040MHz, TGP 175W</td></tr><tr><td><strong>M&agrave;n h&igrave;nh</strong></td><td>16&quot; 3.2K (3200x2000) Mini LED 1200nits Anti-glare, 100% DCI-P3, 100% Adobe&reg; RGB, 100% sRGB, 165Hz, DisplayHDR&trade; 1000, Dolby Vision&reg;, G-SYNC&reg;, Low Blue Light</td></tr><tr><td><strong>Cổng giao tiếp</strong></td><td>1x USB-A (USB 5Gbps / USB 3.2 Gen 1)<br>1x USB-A (USB 5Gbps / USB 3.2 Gen 1), Always On<br>1x USB-C&reg; (USB 5Gbps / USB 3.2 Gen 1), data transfer only<br>2x USB-C&reg; (Thunderbolt&trade; 4 / USB4&reg; 40Gbps), with PD 140W and DisplayPort&trade; 1.4<br>1x HDMI&reg; 2.1, up to 8K/60Hz<br>1x Headphone / microphone combo jack (3.5mm)<br>1x Ethernet (2.5GbE RJ-45)<br>1x Card reader<br>1x Power connector</td></tr><tr><td><strong>B&agrave;n ph&iacute;m</strong></td><td>Per-key RGB Backlit (with Lighting Lens), English</td></tr><tr><td><strong>Speaker</strong></td><td>Stereo speakers (super linear speaker), 2W x2, audio by HARMAN, optimized with Nahimic Audio, Smart Amplifier (AMP)</td></tr><tr><td><strong>Finger Print</strong></td><td>None</td></tr><tr><td><strong>Chuẩn LAN</strong></td><td>2.5GbE (RJ-45)</td></tr><tr><td><strong>Chuẩn WIFI</strong></td><td>Mediatek Wi-Fi&reg; 7 MT7927, 11be 2x2</td></tr><tr><td><strong>Bluetooth</strong></td><td>v5.3</td></tr><tr><td><strong>Webcam</strong></td><td>FHD 1080p with E-shutter</td></tr><tr><td><strong>Hệ điều h&agrave;nh</strong></td><td>Windows&reg; 11 Home Single Language, English</td></tr><tr><td><strong>Pin</strong></td><td>Integrated 99.9Wh</td></tr><tr><td><strong>Trọng lượng</strong></td><td>2.62 kg</td></tr><tr><td><strong>M&agrave;u sắc</strong></td><td>Carbon Black</td></tr><tr><td><strong>Chất liệu</strong></td><td>Aluminium (Top), Magnesium-aluminium (Bottom)</td></tr><tr><td><strong>K&iacute;ch thước</strong></td><td>363.5 x 262.1 x 21.95-25.9 mm (14.31 x 10.32 x 0.86-1.02 inches)</td></tr><tr><td><strong>T&iacute;nh năng đặc biệt</strong></td><td>AI Chip: LA3-P<br>Hybrid thermal solution (liquid cooling + air cooling + liquid metal)</td></tr></tbody></table>', '<h2><strong>Đ&aacute;nh gi&aacute; chi tiết laptop gaming Lenovo Legion 9 16IRX8 83AG0047VN</strong></h2><p>Lenovo đ&atilde; ch&iacute;nh thức giới thiệu với c&aacute;c t&iacute;n đồ y&ecirc;u c&ocirc;ng nghệ một si&ecirc;u phẩm <a href=\"https://gearvn.com/pages/laptop-gaming\" target=\"_blank\">laptop gaming</a> thế hệ mới mang t&ecirc;n Lenovo Legion 9 16IRX8 83AG0047VN. Đ&acirc;y chắc hẳn l&agrave; t&acirc;n binh &quot;khủng&quot; cạnh tranh với nhiều mẫu laptop chơi game cao cấp tr&ecirc;n thị trường sắp tới. C&ugrave;ng GEARVN t&igrave;m hiểu chi tiết về Lenovo Legion 9 n&agrave;y nh&eacute;!</p><p><img alt=\"GEARVN Laptop gaming Lenovo Legion 9 16IRX8 83AG0047VN\" src=\"https://file.hstatic.net/200000722513/file/gearvn-laptop-gaming-lenovo-legion-9-16irx8-83ag0047vn-1_ad1cb027e66d42e1be94dba8264c5d23_1024x1024.png\" class=\"fr-fic fr-dii\"></p><h3><strong>Thiết kế bền bỉ, ngoại h&igrave;nh ấn tượng </strong></h3><p><a href=\"https://gearvn.com/collections/laptop-gaming-lenovo\" target=\"_blank\">Lenovo Legion</a> 9 16IRX8 83AG0047VN được h&atilde;ng chăm ch&uacute;t kỹ lưỡng ngay từ vẻ bề ngo&agrave;i. Một sự đổi mới ưu việt tr&ecirc;n Legion 9 l&agrave; &aacute;p dụng phương ph&aacute;p dập 8 lớp bền bỉ để tạo n&ecirc;n một lớp vỏ cứng c&aacute;o v&agrave; bền bỉ hơn 10% so với chất liệu nh&ocirc;m truyền thống. Chất liệu carbon cao cấp biến t&acirc;n binh nh&agrave; Lenovo trở n&ecirc;n độc nhất v&ocirc; nhị với nắp m&aacute;y sở hữu những đường v&acirc;n họa tiết độc đ&aacute;o.</p><p><img alt=\"GEARVN Laptop gaming Lenovo Legion 9 16IRX8 83AG0047VN\" src=\"https://file.hstatic.net/200000722513/file/gearvn-laptop-gaming-lenovo-legion-9-16irx8-83ag0047vn-10_199b5d40c4a740a38284d13a2de1af7f_1024x1024.png\" class=\"fr-fic fr-dii\"></p><p>Dọc c&aacute;c cạnh viền của Lenovo Legion 9 l&agrave; dải đ&egrave;n RGB rực rỡ. Cho ph&eacute;p người d&ugrave;ng đồng bộ h&oacute;a RGB trong hệ thống để tạo n&ecirc;n một kh&ocirc;ng gian chơi game đắm ch&igrave;m.</p><h3><strong>Laptop trang bị tản nhiệt nước đầu ti&ecirc;n tr&ecirc;n thế giới</strong></h3><p>C&ocirc;ng nghệ l&agrave;m m&aacute;t bằng chất lỏng tr&ecirc;n <a href=\"https://gearvn.com/collections/laptop-lenovo-hoc-tap-va-lam-viec\" target=\"_blank\">laptop Lenovo</a> Legion 9 mang t&iacute;nh c&aacute;ch mạng đầu ti&ecirc;n tr&ecirc;n thế giới. Đột ph&aacute; với khả năng tản nhiệt nhanh ch&oacute;ng tr&ecirc;n một chiếc laptop gaming cao cấp. Đ&aacute;p ứng y&ecirc;u cầu sức mạnh từ card đồ họa chơi game v&agrave; xử l&yacute; c&ocirc;ng việc ở cường độ cao một c&aacute;ch mượt m&agrave;. Duy tr&igrave; t&igrave;nh trạng hoạt động m&aacute;t mẻ để c&aacute;c game thủ y&ecirc;n t&acirc;m chiến game cực đỉnh.</p><p><img alt=\"GEARVN Laptop gaming Lenovo Legion 9 16IRX8 83AG0047VN\" src=\"https://file.hstatic.net/200000722513/file/gearvn-laptop-gaming-lenovo-legion-9-16irx8-83ag0047vn-7_590ad1b8f0174c02baa34d4a02d7561f_1024x1024.png\" class=\"fr-fic fr-dii\"></p><p>C&aacute;c ống dẫn nhiệt được thiết kế với k&iacute;ch thước lớn hơn, thuận tiện hơn trong qu&aacute; tr&igrave;nh truyền nhiệt. Kết hợp c&ugrave;ng ba quạt thiết kế chim ưng hỗ trợ l&agrave;m m&aacute;t cho c&aacute;c linh kiện một c&aacute;ch tốt nhất. Lenovo c&ograve;n trang bị phần mềm Lenovo Vantage để người d&ugrave;ng c&oacute; thể t&ugrave;y chỉnh hoạt động của quạt tối ưu cho hiệu suất sử dụng.</p><h3><strong>Chấp nhận mọi th&aacute;ch thức với hiệu suất vượt trội</strong></h3><p>Lenovo Legion 9 với cấu h&igrave;nh mạnh mẽ bao gồm một CPU Intel Core i9-13980HX với 24 nh&acirc;n v&agrave; 32 luồng, RAM 64GB <a href=\"https://gearvn.com/collections/ram-pc-ddr5\" target=\"_blank\">DDR5</a> hoạt động ở tốc độ 6400MHz, v&agrave; ổ SSD 2TB M.2 PCIe 4.0x4 NVMe, c&ugrave;ng với GPU NVIDIA GeForce RTX 4090, l&agrave; một thiết bị đầy sức mạnh. CPU mạnh mẽ n&agrave;y cho ph&eacute;p xử l&yacute; mượt m&agrave; cả t&aacute;c vụ đa nhiệm v&agrave; c&aacute;c ứng dụng đ&ograve;i hỏi hiệu năng cao. RAM lớn v&agrave; tốc độ cao đảm bảo hiệu suất ổn định trong khi l&agrave;m việc với nhiều ứng dụng c&ugrave;ng l&uacute;c.</p><p><img alt=\"GEARVN Laptop gaming Lenovo Legion 9 16IRX8 83AG0047VN\" src=\"https://file.hstatic.net/200000722513/file/gearvn-laptop-gaming-lenovo-legion-9-16irx8-83ag0047vn-3_bc3789d2ad35422d82c3a0d6a0ca2b67_1024x1024.png\" class=\"fr-fic fr-dii\"></p><p>Một điểm đ&aacute;ng ch&uacute; &yacute; kh&aacute;c l&agrave; ổ SSD rất nhanh, gi&uacute;p tăng cường tốc độ khởi động hệ thống v&agrave; thời gian tải ứng dụng. Với GPU NVIDIA GeForce RTX 4090, bạn sẽ c&oacute; khả năng chơi c&aacute;c tr&ograve; chơi đồ họa nặng v&agrave; xử l&yacute; đồ họa, video, v&agrave; c&ocirc;ng việc đ&ograve;i hỏi hiệu năng đồ họa một c&aacute;ch mượt m&agrave;.</p><h3><strong>M&atilde;n nh&atilde;n với thiết kế m&agrave;n h&igrave;nh sắc n&eacute;t </strong></h3><p>M&agrave;n h&igrave;nh 16&quot; 3.2K Mini LED 1200nits tr&ecirc;n Lenovo Legion 9 n&agrave;y thực sự ấn tượng. Độ ph&acirc;n giải cao, độ s&aacute;ng ấn tượng, v&agrave; hỗ trợ 100% DCI-P3, 100% Adobe RGB, c&ugrave;ng với tốc độ l&agrave;m DisplayHDR 1000, Dolby Vision, G-SYNC, v&agrave; t&iacute;nh năng Low Blue Light c&ograve;n l&agrave; điểm s&aacute;ng gi&uacute;p Legion 9i hỗ trợ mọi nhu cầu về m&agrave;n h&igrave;nh chất lượng cao. N&acirc;ng cao chất lượng giải tr&iacute; v&agrave; l&agrave;m đồ họa tr&ecirc;n một chiếc laptop cao cấp.</p><p><img alt=\"GEARVN Laptop gaming Lenovo Legion 9 16IRX8 83AG0047VN\" src=\"https://file.hstatic.net/200000722513/file/gearvn-laptop-gaming-lenovo-legion-9-16irx8-83ag0047vn-4_5062d610d02147aba4e26165b7007cab_1024x1024.png\" class=\"fr-fic fr-dii\"></p><h3><strong>Khai ph&aacute; sức mạnh mọi l&uacute;c mọi nơi </strong></h3><p>Lenovo Legion 9 16IRX8 được trang bị vi&ecirc;n pin 99,99Whr đảm bảo trải nghiệm liền mạch. Gi&uacute;p c&aacute;c game thủ trải nghiệm game v&agrave; l&agrave;m việc mọi nơi. Đồng thời t&iacute;nh năng hỗ trợ sạc nhanh c&ograve;n gi&uacute;p laptop Lenovo tăng nhanh từ 0%-70% chỉ với 30 ph&uacute;t sạc. Gạt bỏ nỗi lo hết pin trong qu&aacute; tr&igrave;nh sử dụng ở bất cứ đ&acirc;u.</p><p><img alt=\"GEARVN Laptop gaming Lenovo Legion 9 16IRX8 83AG0047VN\" src=\"https://file.hstatic.net/200000722513/file/gearvn-laptop-gaming-lenovo-legion-9-16irx8-83ag0047vn-6_64e32664e89b4e63bbbad0135f651dc5_1024x1024.png\" class=\"fr-fic fr-dii\"></p><h3><strong>L&agrave;m chủ mọi cuộc chơi </strong></h3><p>Laptop Lenovo Legion 9 sở hữu b&agrave;n ph&iacute;m TrueStrike ấn tượng. L&agrave;m chủ mọi cuộc chơi với khả năng điều khiển ch&iacute;nh x&aacute;c. Hệ thống <a href=\"https://gearvn.com/collections/fan-led-trang-tri\" target=\"_blank\">LED RGB</a> rực rỡ khơi gợi nguồn cảm hứng s&aacute;ng tạo v&agrave; đắm ch&igrave;m v&agrave;o c&aacute;c tựa game hot trong thế giới ảo một c&aacute;ch trọn vẹn.</p><p><img alt=\"GEARVN Laptop gaming Lenovo Legion 9 16IRX8 83AG0047VN\" src=\"https://file.hstatic.net/200000722513/file/gearvn-laptop-gaming-lenovo-legion-9-16irx8-83ag0047vn-5_81ad671dd7f046be8166ae7ed2b29411_1024x1024.png\" class=\"fr-fic fr-dii\"></p><p>Lenovo Legion 9 c&ograve;n trang bị hệ thống &acirc;m thanh với Nahimic Audio của SteelSeries. Tạo ra một kh&ocirc;ng gian sống động với &acirc;m thanh 3D to r&otilde;. Với Lenovo Vantage c&ograve;n gi&uacute;p c&aacute;c game thủ khai ph&aacute; sức mạnh với những c&agrave;i đặt về khả năng &eacute;p xung, hiệu suất AI ph&ugrave; hợp với từng lối chơi.&nbsp;</p>', 'upload/lenovo-legion-2.1.jpg', 'upload/lenovo-legion-2.2.jpg', 'upload/lenovo-legion-2.3.jpg', 1, '2024-05-23 14:35:39', 4, 136000000),
(57, 'Laptop Dell Inspiron 3530 N3530I716W1 Silver', 1, 1, '<p>✔ Bảo h&agrave;nh ch&iacute;nh h&atilde;ng 12 th&aacute;ng.</p><p>✔ Hỗ trợ đổi mới trong 7 ng&agrave;y.</p><p>✔ Windows bản quyền t&iacute;ch hợp.</p><p>✔ Miễn ph&iacute; giao h&agrave;ng to&agrave;n quốc.</p><p>&nbsp;</p>', '<table border=\"1\" cellpadding=\"3\" cellspacing=\"0\"><tbody><tr><td><a href=\"https://gearvn.com/collections/cpu-bo-vi-xu-ly\" target=\"_blank\"><strong>CPU</strong></a></td><td>Intel Core i7-1355U Processor (12MB Cache, up to 5.0 GHz)</td></tr><tr><td><strong><a href=\"https://gearvn.com/collections/ram-laptop\" target=\"_blank\">RAM</a></strong></td><td>16GB (2 x 8GB) DDR4 3200MHz (2x SO-DIMM socket, up to 16GB SDRAM)</td></tr><tr><td><a href=\"https://gearvn.com/collections/hdd-o-cung-laptop\" target=\"_blank\"><strong>Ổ cứng</strong></a></td><td>512GB <a href=\"https://gearvn.com/collections/ssd-o-cung-the-ran\" target=\"_blank\">SSD</a> NVMe PCIe (1 Slot)</td></tr><tr><td><a href=\"https://gearvn.com/collections/vga-card-man-hinh\" target=\"_blank\"><strong>Card đồ họa</strong></a></td><td>NVIDIA GeForce MX550 2 GB</td></tr><tr><td><a href=\"https://gearvn.com/pages/man-hinh\" target=\"_blank\"><strong>M&agrave;n h&igrave;nh</strong></a></td><td>15.6 Inch FHD (1920 x 1080),120Hz, Anti- Glare, WVA, LED-Backlit, Độ s&aacute;ng 250 nit</td></tr><tr><td><strong>Wireless</strong></td><td>802.11ax 2x2 WiFi</td></tr><tr><td><strong>LAN</strong></td><td>10/100 Mbps</td></tr><tr><td><strong>Bluetooth</strong></td><td>v5.2</td></tr><tr><td><strong>Cổng giao tiếp</strong></td><td><ul><li>1x USB 3.2 Gen 1 Type-C</li><li>1x USB 3.2 Gen 1</li><li>1x USB 2.0</li><li>1x Cổng tai nghe (kết hợp tai nghe v&agrave; micr&ocirc;)</li><li>1x HDMI 1.4 (Hỗ trợ qua HDMI 1920x1080 @ 60Hz, kh&ocirc;ng c&oacute; đầu ra 4K/2K)</li></ul></td></tr><tr><td><a href=\"https://gearvn.com/collections/webcam\" target=\"_blank\"><strong>Webcam</strong></a></td><td>HD Webcam</td></tr><tr><td><strong>Audio</strong></td><td>Realtek ALC3204, &acirc;m thanh Realtek</td></tr><tr><td><strong>Pin</strong></td><td>3-cell Li-ion, 54 Whr</td></tr><tr><td><strong>Hệ điều h&agrave;nh</strong></td><td>Windows 11 Home + Office Home&amp;Student</td></tr><tr><td><strong>K&iacute;ch thước</strong></td><td>358.5 x 235.56 x 16.96 mm - 18.99mm</td></tr><tr><td><strong>Trọng lượng</strong></td><td>1.62 kg</td></tr><tr><td><strong>M&agrave;u sắc</strong></td><td>Silver</td></tr></tbody></table>', '<h2><strong>Đ&aacute;nh gi&aacute; chi tiết laptop Dell Inspiron 3530 N3530I716W1 Silver</strong></h2><p>T&ugrave;y theo nhiều nhu cầu kh&aacute;c nhau m&agrave; c&oacute; nhiều d&ograve;ng sản phẩm laptop Dell kh&aacute;c nhau. Nếu bạn đang t&igrave;m một chiếc laptop phục vụ cho nhu cầu học tập v&agrave; l&agrave;m việc hằng ng&agrave;y th&igrave; <a href=\"https://gearvn.com/collections/laptop-dell-inspiron-series\" target=\"_blank\">Dell Inspiron</a> 3530 N3530I716W1 Silver sẽ l&agrave; người bạn đồng h&agrave;nh cực tốt. cấu h&igrave;nh mạnh mẽ tr&ecirc;n thiết kế đơn giản mang lại hiệu năng giải quyết mọi c&ocirc;ng việc mượt m&agrave;, nhanh ch&oacute;ng.</p><h3><strong>Cấu h&igrave;nh laptop Dell Inspiron 3530 N3530I716W1 Silver</strong></h3><p>Dell Inspiron 3530 sử dụng bộ vi xử l&yacute; Intel Corei7-1355U gen 13th cho một hệ thống giải quyết mọi t&aacute;c vụ văn ph&ograve;ng được trơn tru nhất. Hoạt động nhanh hơn, load mọi dữ liệu th&ocirc;ng tin mượt hơn khi trang bị th&ecirc;m 16GB RAM DDR4 hỗ trợ CPU tăng tốc độ phản hồi.</p><p><img alt=\"GEARVN Laptop Dell Inspiron 3530 N3530I716W1 Silver\" src=\"https://file.hstatic.net/200000722513/file/gearvn-laptop-dell-inspiron-3530-n3530i716w1-silver-3_f55a0c95c24f440f9060391ab30c6be1.png\" class=\"fr-fic fr-dii\"></p><blockquote><p><strong>&gt;&gt;C&oacute; thể bạn quan t&acirc;m: <a href=\"https://gearvn.com/blogs/thu-thuat-giai-dap/top-5-laptop-gia-re-cho-sinh-vien-mua-tuu-truong\" target=\"_blank\">5 mẫu laptop gi&aacute; rẻ cho sinh vi&ecirc;n m&ugrave;a tựu trường 2022</a>.</strong></p></blockquote><p>Bộ nhớ SSD 512GB M.2 PCIe đ&aacute;ng kinh ngạc, giải quyết ho&agrave;n to&agrave;n mọi lo lắng về lưu trữ những tệp c&oacute; dữ liệu lớn nhanh hơn bao giờ hết. B&ecirc;n cạnh đ&oacute;, mọi thao t&aacute;c khi bạn sử dụng PS, AI, PR,... đều c&oacute; thể diễn ra mượt m&agrave; nhờ card đồ họa NVIDIA GeForce MX550 2 GB.</p><h3><strong>Thiết kế tinh tế, giản dị</strong></h3><p>Dell Inspiron 3530 được h&atilde;ng sản xuất v&ocirc; c&ugrave;ng đơn giản v&agrave; bền bỉ. Với những người đ&atilde; sở hữu cho m&igrave;nh những con laptop từ Dell chắc hẳn kh&ocirc;ng qu&aacute; xa lạ về độ bền m&agrave; n&oacute; mang lại. Vỏ m&aacute;y bao phủ bởi một lớp m&agrave;u bạc đơn giản nhưng kh&ocirc;ng hề đơn điệu với phần logo Dell in ch&igrave;m ch&iacute;nh giữa bề mặt nắp m&aacute;y.</p><p><img alt=\"GEARVN Laptop Dell Inspiron 3530 N3530I716W1 Silver\" src=\"https://file.hstatic.net/200000722513/file/gearvn-laptop-dell-inspiron-3530-n3530i716w1-silver-5_02674e9e68684f64a83ec61ae9367d52.png\" class=\"fr-fic fr-dii\"></p><p>Nếu c&ocirc;ng việc của bạn thường xuy&ecirc;n phải di chuyển th&igrave; đừng lo khi trọng lượng của m&aacute;y t&iacute;nh n&agrave;y chỉ ở xấp xỉ 1,62 kg. Với sự chắc chắn v&agrave; độ cứng c&aacute;p bởi sử dụng chất liệu cao cấp trong thiết kế, mang đi mu&ocirc;n nơi cũng kh&ocirc;ng lo bị va đập hay bị xước nữa. Bạn cũng c&oacute; thể d&ugrave;ng <a href=\"https://gearvn.com/collections/balo-tui-chong-soc\" target=\"_blank\">t&uacute;i chống sốc</a> từ GEARVN để cộng hưởng sức mạnh bảo vệ cho sản phẩm laptop của m&igrave;nh.</p><h3><strong>M&agrave;n h&igrave;nh g&oacute;c rộng, độ sắc n&eacute;t cao</strong></h3><p><a href=\"https://gearvn.com/collections/laptop-dell-hoc-tap-va-lam-viec\" target=\"_blank\">Laptop Dell</a> Inspiron 3530 sở hữu m&agrave;n h&igrave;nh k&iacute;ch thước 15.6-inch độ ph&acirc;n giải <a href=\"https://gearvn.com/collections/do-phan-giai-full-hd-1080p\" target=\"_blank\">Full HD</a>, vừa đủ để thực hiện c&ocirc;ng việc, giải tr&iacute; v&agrave; s&aacute;ng tạo một c&aacute;ch trọn vẹn. Đường viền được thiết kế hẹp hơn ở 2 b&ecirc;n nhằm mở rộng kh&ocirc;ng gian cho bạn c&oacute; g&oacute;c nh&igrave;n thoải m&aacute;i hơn. Tần số 120Hz, độ s&aacute;ng 250 nit, độ chống l&oacute;a tốt tăng trải nghiệm v&agrave;o những thời gian sử dụng hiệu quả nhất.</p><p><img alt=\"GEARVN Laptop Dell Inspiron 3530 N3530I716W1 Silver\" src=\"https://file.hstatic.net/200000722513/file/gearvn-laptop-dell-inspiron-3530-n3530i716w1-silver-3_f6e2479f13a94adaa37425c4461ffbc2.png\" class=\"fr-fic fr-dii\"></p><h3><strong>Cổng giao tiếp đa dạng</strong></h3><p>T&ugrave;y v&agrave;o mục đ&iacute;ch sử dụng m&agrave; bạn c&oacute; thể kết nối c&aacute;c thiết bị ngoại vi với chiếc m&aacute;y t&iacute;nh x&aacute;ch tay một c&aacute;ch dễ d&agrave;ng hơn. Dell đ&atilde; gắn tr&ecirc;n người &ldquo;đứa con tinh thần&rdquo; Dell Inspiron&nbsp;3530 của m&igrave;nh những cổng kết nối ph&ugrave; hợp nhất:</p><ul><li>1x USB 3.2 Gen 1 Type-C</li><li>1x USB 3.2 Gen 1</li><li>1x USB 2.0</li><li>1x Cổng tai nghe (kết hợp tai nghe v&agrave; micr&ocirc;)</li><li>1x HDMI 1.4 (Hỗ trợ qua HDMI 1920x1080 @ 60Hz, kh&ocirc;ng c&oacute; đầu ra 4K/2K)</li></ul><p><img alt=\"GEARVN Laptop Dell Inspiron 3530 N3530I716W1 Silver\" src=\"https://file.hstatic.net/200000722513/file/gearvn-laptop-dell-inspiron-3530-n3530i716w1-silver-6_5f6fe406d798475dbd9266d6722d30a1.png\" class=\"fr-fic fr-dii\"></p><p>&nbsp;</p><p>Đ&acirc;y ch&iacute;nh l&agrave; chiếc <a href=\"https://gearvn.com/collections/laptop-hoc-tap-va-lam-viec-tren-20-trieu\" target=\"_blank\">laptop học tập v&agrave; l&agrave;m việc</a> được nhiều người săn đ&oacute;n nhất. Bởi v&igrave; thiết kế đơn giản nhưng hiệu suất mang lại thật đ&aacute;ng kinh ngạc. Mọi c&ocirc;ng việc của bạn sẽ được giải quyết một c&aacute;ch hiệu quả nhất.</p>', 'upload/Dell-ins3.1.jpg', 'upload/Dell-ins3.2.jpg', 'upload/Dell-ins3.3.jpg', 1, '2024-05-28 07:47:26', 16, 26990000),
(58, 'Laptop Dell Vostro 3530 V5I3465W1 Gray', 1, 2, '<p>✔ Bảo h&agrave;nh ch&iacute;nh h&atilde;ng 12 th&aacute;ng.</p><p>✔ Hỗ trợ đổi mới trong 7 ng&agrave;y.</p><p>✔ Windows bản quyền t&iacute;ch hợp.</p><p>✔ Miễn ph&iacute; giao h&agrave;ng to&agrave;n quốc.</p>', '<table border=\"1\" cellpadding=\"3\" cellspacing=\"0\"><tbody><tr><td><strong>CPU</strong></td><td>Intel Core i3-1305U (3.3GHz~ 4.5GHz) 5 Cores 6 Threads</td></tr><tr><td><strong>RAM</strong></td><td>8GB (8x1) DDR4 3200MHz (2x SO-DIMM socket, up to 16GB SDRAM)</td></tr><tr><td><strong>Ổ cứng</strong></td><td>512GB <a href=\"https://gearvn.com/collections/ssd-o-cung-the-ran\">SSD</a> M.2 PCIE</td></tr><tr><td><strong>Card đồ hoạ</strong></td><td>Intel&reg; UHD Graphics</td></tr><tr><td><strong>M&agrave;n h&igrave;nh</strong></td><td>15.6 inch FHD (1920 x 1080) 120Hz 250 nits WVA Anti- Glare LED Backlit Narrow Border Display</td></tr><tr><td><strong>Cổng kết nối</strong></td><td>USB 3.2 Gen 1 port<br>1 USB 2.0 port<br>1 USB 3.2 Gen 1 Type-C&reg; port<br>1 USB 3.2 Gen 1 Type-C&reg; port with DisplayPort Alt Mode 1.4/Power Delivery (only for computers with aluminum chassis or NVIDIA&reg; GeForce MX550 graphics card)<br>1 Universal audio port<br>1 HDMI 1.4 port<br>1 RJ45 Ethernet port<br>1 Power-adapter port</td></tr><tr><td><strong>Audio</strong></td><td>Stereo speakers, 2 W x 2 = 4 W total</td></tr><tr><td><strong>Webcam</strong></td><td>720p@30FPS HD Camera</td></tr><tr><td><strong>Đọc thẻ nhớ</strong></td><td>SD card slot</td></tr><tr><td><strong>Chuẩn WiFi</strong></td><td>Realtek Wi-Fi 5 RTL8821CE, 1x1, 802.11ac, MU-MIMO,</td></tr><tr><td><strong>Bluetooth</strong></td><td>Bluetooth&reg; wireless card v5.2</td></tr><tr><td><strong>Webcam</strong></td><td>720p at 30 fps HD camera, single-integrated microphone</td></tr><tr><td><strong>Hệ điều h&agrave;nh</strong></td><td>Windows 11 Home + Office Home &amp; Student 2021</td></tr><tr><td><strong>Pin</strong></td><td>3 Cell 41WHr</td></tr><tr><td><strong>Trọng lượng</strong></td><td>1.66 kg</td></tr><tr><td><strong>M&agrave;u sắc</strong></td><td>X&aacute;m</td></tr><tr><td><strong>K&iacute;ch thước</strong></td><td>358.5 x 235.56 x 16.96 ~ 18.99 mm</td></tr></tbody></table>', '<h2><strong>Đ&aacute;nh gi&aacute; chi tiết laptop Dell Vostro 3530 V5I3001W1 Gray</strong></h2><p><a href=\"https://gearvn.com/collections/laptop-dell-vostro-series\" target=\"_blank\">Dell Vostro</a> 3530 V5I3001W1 Gray l&agrave; d&ograve;ng <a href=\"https://gearvn.com/collections/laptop-hoc-sinh-sinh-vien\" target=\"_blank\">laptop sinh vi&ecirc;n</a> sở hữu thiết kế mỏng nhẹ với nhiều t&iacute;nh năng nổi bật gi&uacute;p bạn n&acirc;ng cao th&agrave;nh t&iacute;ch học tập, tăng th&ecirc;m trải nghiệm với c&aacute;c tựa game m&igrave;nh y&ecirc;u th&iacute;ch. Đặc biệt, với trọng lượng chưa đến <strong>1.66kg</strong> bạn ho&agrave;n to&agrave;n c&oacute; thể cất gọn trong balo mang đi đến bất kỳ đ&acirc;u. H&atilde;y c&ugrave;ng <a href=\"https://gearvn.com/\">GEARVN</a>t&igrave;m hiểu th&ocirc;ng số kĩ thuật của chiếc laptop n&agrave;y nh&eacute;.</p><p><img src=\"https://product.hstatic.net/200000722513/product/ava_323374780a104f079d493a9001f17921_grande.png\" class=\"fr-fic fr-dii\"></p><h2><strong>Cấu h&igrave;nh đ&aacute;p ứng nhiều t&aacute;c vụ</strong></h2><p>Để xử l&yacute; được mọi t&aacute;c vụ từ học tập cho đến chơi game giải tr&iacute; laptop Dell Vostro 3530 V5I3001W1 Gray được trang bị bộ xử l&yacute; <a href=\"http://gearvn.com/collections/cpu-bo-vi-xu-ly?hang=intel\">CPU Intel</a> Core <strong>i3-1305U</strong> mạnh mẽ c&ugrave;ng <a href=\"http://gearvn.com/collections/vga-card-man-hinh\">card đồ họa</a> t&iacute;ch hợp <strong>Intel&reg; UHD Graphics</strong>. Xung nhịp tối đa l&ecirc;n đến <strong>4.5GHz</strong> sẵn s&agrave;ng giải quyết c&aacute;c y&ecirc;u cầu văn ph&ograve;ng cơ bản đến n&acirc;ng cao.</p><p><img alt=\"GEARVN Laptop Dell Vostro 3530 V5I3001W1 Gray\" src=\"https://file.hstatic.net/200000722513/file/gearvn-laptop-dell-vostro-3530-v5i3001w1-gray-8_3e725025da954325b687cdbdd1b7ad3d.jpg\" class=\"fr-fic fr-dii\"></p><p>Laptop Dell Vostro 3530 V5I3001W1 Gray được trang bị <a href=\"http://gearvn.com/collections/ram-laptop\">RAM</a>\r\n<strong>8GB</strong> DDR4 (n&acirc;ng cấp tối đa l&ecirc;n đến 16GB) mang đến khả năng xử l&yacute; đa nhiệm cho mọi c&ocirc;ng việc. Đồng h&agrave;nh c&ugrave;ng với đ&oacute; l&agrave; <a href=\"http://gearvn.com/collections/ssd-laptop\">ổ cứng SSD</a>\r\n<strong>512GB</strong> M.2 PCIE cho khả năng mở m&aacute;y nhanh hơn c&aacute;c ổ cứng HDD th&ocirc;ng thường. Kh&ocirc;ng gian lưu trữ cũng tốt hơn cho c&aacute;c tệp dữ liệu quan trọng.</p><h2><strong>Hiển thị đầy đủ th&ocirc;ng tin qua m&agrave;n h&igrave;nh Full HD 15.6inch</strong></h2><p><a href=\"https://gearvn.com/pages/man-hinh\">M&agrave;n h&igrave;nh</a> với k&iacute;ch thước <strong>15.6&nbsp;inch (1920 x 1080)</strong> gi&uacute;p hiển thị đầy đủ th&ocirc;ng tin cần thiết khi chơi game, l&agrave;m việc v&agrave; học tập. Khả năng hiển thị h&igrave;nh ảnh sắc n&eacute;t, r&otilde; n&eacute;t với m&agrave;u sắc ch&acirc;n thực v&agrave; sống động với độ ph&acirc;n giải <a href=\"https://gearvn.com/collections/do-phan-giai-full-hd-1080p\">Full HD</a>.</p><p><img src=\"https://product.hstatic.net/200000722513/product/laptop-vostro-15-3530-gray-aluminum-fpr-gallery-1_eb897d0b3d224bc1a20aba564da865f6_grande.png\" class=\"fr-fic fr-dii\"></p><p>Kh&ocirc;ng dừng lại ở đ&oacute;, c&ugrave;ng sự kết hợp giữa c&ocirc;ng nghệ chống ch&oacute;i <strong>Anti Glare</strong> v&agrave; <strong>WVA</strong> gi&uacute;p bạn c&oacute; nhiều g&oacute;c nh&igrave;n m&agrave; kh&ocirc;ng bị biến dạng g&acirc;y kh&oacute; chịu, dễ d&agrave;ng chia sẻ th&ocirc;ng tin m&agrave; kh&ocirc;ng cần xoay m&aacute;y. Độ s&aacute;ng l&ecirc;n đến <strong>250nits</strong> tạo n&ecirc;n một trải nghiệm h&igrave;nh ảnh chưa từng c&oacute;, vượt xa mong đợi của người d&ugrave;ng kh&oacute; t&iacute;nh nhất.</p><h2><strong>B&agrave;n ph&iacute;m&nbsp;ti&ecirc;u chuẩn&nbsp;tiện lợi khi sử dụng</strong></h2><p>Sử dụng layout <a href=\"https://gearvn.com/collections/ban-phim-may-tinh\">b&agrave;n ph&iacute;m</a>\r\n<strong>Fullsize</strong> tiện lợi c&ugrave;ng cụm ph&iacute;m numpad gi&uacute;p bạn nhập liệu, soạn thảo văn bản v&agrave; t&iacute;nh to&aacute;n dễ d&agrave;ng hơn. Với c&aacute;c ph&iacute;m bấm được thiết kế đặc biệt gi&uacute;p <a href=\"https://gearvn.com/collections/laptop\">laptop</a> hạn chế bấm sai ph&iacute;m v&agrave; tăng tốc độ đ&aacute;nh m&aacute;y. C&aacute;c ph&iacute;m c&oacute; h&agrave;nh tr&igrave;nh s&acirc;u, cho ph&eacute;p bạn nhập liệu một c&aacute;ch nhanh ch&oacute;ng v&agrave; ch&iacute;nh x&aacute;c. B&agrave;n di chuột (touchpad) rộng v&agrave; mượt, hỗ trợ đa chạm v&agrave; c&aacute;c t&iacute;nh năng đặc biệt kh&aacute;c gi&uacute;p bạn thao t&aacute;c m&aacute;y dễ d&agrave;ng.</p><p><img src=\"https://product.hstatic.net/200000722513/product/laptop-vostro-15-3530-gray-aluminum-fpr-gallery-2_bdaaa90de42c4b13b75a3984747eaa98_grande.png\" class=\"fr-fic fr-dii\"></p><h2><strong>Cổng kết nối đa dạng v&agrave; c&aacute;c c&ocirc;ng nghệ kh&aacute;c </strong></h2><p>Mặc d&ugrave; sở hữu thiết kế độc đ&aacute;o mỏng nhẹ với t&ocirc;ng m&agrave;u sang trọng nhưng <a href=\"https://gearvn.com/collections/laptop-dell-hoc-tap-va-lam-viec\">laptop Dell</a> Vostro 3530 được trang bị đầy đủ cổng kết nối đa dạng để bạn c&oacute; thể kết nối với nhiều phụ kiện kh&aacute;c để n&acirc;ng cao trải nghiệm.</p><ul><li>2x USB 3.2 Gen 1 Type-C&reg; port</li><li>1x USB 2.0 port</li><li>1x headset (headphone and microphone combo) port</li><li>1x <a href=\"http://gearvn.com/collections/day-cap-hdmi\">HDMI</a> 1.4 port</li><li>1x LAN (RJ45)</li></ul><p><img alt=\"GEARVN Laptop Dell Vostro 3530 V5I3001W1 Gray\" src=\"https://file.hstatic.net/200000722513/file/gearvn-laptop-dell-vostro-3530-v5i3001w1-gray-7_755e7001ae5647bd97fcd4a4e46871c3.jpg\" class=\"fr-fic fr-dii\"></p><p>Ngo&agrave;i ra, Dell Vostro 3530 V5I3001W1 Gray c&ograve;n cung cấp chuẩn Wifi <strong>Realtek Wi-Fi 5 RTL8821CE, 1x1, 802.11ac, MU-MIMO</strong>, kết hợp c&ugrave;ng <strong>Bluetooth&reg; wireless card v5.2</strong>, gi&uacute;p tốc độ mạng của bạn lu&ocirc;n lu&ocirc;n được ổn định dễ d&agrave;ng kết nối c&aacute;c thiết bị ngoại vi kh&aacute;c (<a href=\"https://gearvn.com/collections/chuot-may-tinh\">chuột</a>, <a href=\"https://gearvn.com/collections/loa\">loa</a>,...)</p><p>&nbsp;</p><p>Laptop Dell Vostro 3530 V5I3465W1 với cấu h&igrave;nh ổn định, m&agrave;n h&igrave;nh sắc n&eacute;t, v&agrave; nhiều t&iacute;nh năng tiện &iacute;ch, l&agrave; một lựa chọn ph&ugrave; hợp cho người d&ugrave;ng cần một laptop đ&aacute;ng tin cậy để l&agrave;m việc v&agrave; giải tr&iacute; h&agrave;ng ng&agrave;y. Nếu bạn c&oacute; bất k&igrave; thắc mắc n&agrave;o về sản phẩm, h&atilde;y để lại b&igrave;nh luận b&ecirc;n dưới hoặc li&ecirc;n hệ trực tiếp cho ch&uacute;ng m&igrave;nh qua số hotline <strong>19005301</strong> để được tư vấn v&agrave; giải đ&aacute;p ngay nh&eacute;!</p>', 'upload/Dell-vostro3.1.jpg', 'upload/Dell-vostro3.2.jpg', 'upload/Dell-vostro3.3.jpg', 1, '2024-05-28 07:56:31', 5, 14690000),
(59, 'Laptop gaming Lenovo Legion Pro 7 16IRX9H 83DE001NVN', 2, 7, '<p>✔ Bảo h&agrave;nh ch&iacute;nh h&atilde;ng 24 th&aacute;ng.</p><p>✔ Hỗ trợ đổi mới trong 7 ng&agrave;y.</p><p>✔ Miễn ph&iacute; giao h&agrave;ng to&agrave;n quốc.</p>', '<table border=\"1\" cellpadding=\"3\" cellspacing=\"0\"><tbody><tr><td><strong>CPU</strong></td><td>Intel&reg; Core&trade; i9-14900HX, 24C (8P + 16E) / 32T, P-core 2.2 / 5.8GHz, E-core 1.6 / 4.1GHz, 36MB</td></tr><tr><td><strong>RAM</strong></td><td>32GB (2x16GB) SO-DIMM DDR5 5600MHz (2 slots, n&acirc;ng cấp tối đa 32GB)</td></tr><tr><td><strong>Ổ cứng</strong></td><td>1TB SSD M.2 2280 PCIe&reg; 4.0x4 NVMe&reg; (2&nbsp;slots&nbsp;M.2 2280 PCIe&reg; 4.0 x4)</td></tr><tr><td><strong>Card đồ họa</strong></td><td>NVIDIA&reg; GeForce RTX&trade; 4080 12GB GDDR6, Boost Clock 2280MHz, TGP 175W</td></tr><tr><td><strong>M&agrave;n h&igrave;nh</strong></td><td>16&quot; WQXGA (2560x1600) IPS 500nits Anti-glare, 100% DCI-P3, 240Hz, DisplayHDR&trade; 400, Dolby&reg; Vision&trade;, G-SYNC&reg;, Low Blue Light, High Gaming Performance</td></tr><tr><td><strong>Cổng giao tiếp</strong></td><td>1x USB-A (USB 5Gbps / USB 3.2 Gen 1), Always On<br>3x USB-A (USB 5Gbps / USB 3.2 Gen 1)<br>1x USB-C&reg; (USB 10Gbps / USB 3.2 Gen 2), with PD 140W and DisplayPort&trade; 1.4<br>1x USB-C&reg; (Thunderbolt&trade; 4 / USB4&reg; 40Gbps), with DisplayPort&trade; 1.4<br>1x HDMI&reg; 2.1, up to 8K/60Hz<br>1x Headphone / microphone combo jack (3.5mm)<br>1x Ethernet (RJ-45)<br>1x Power connector</td></tr><tr><td><strong>B&agrave;n ph&iacute;m</strong></td><td>Per-key RGB Backlit (with Lighting Lens), English</td></tr><tr><td><strong>Audio</strong></td><td>Stereo speakers (super linear speaker), 2W x2, audio by HARMAN, optimized with Nahimic Audio, Smart Amplifier (AMP)</td></tr><tr><td><strong>Finger Print</strong></td><td>None</td></tr><tr><td><strong>Chuẩn LAN</strong></td><td>100/1000M (RJ-45)</td></tr><tr><td><strong>Chuẩn WIFI</strong></td><td>Intel&reg; Killer Wi-Fi&reg; 6E AX1675i, 11ax 2x2</td></tr><tr><td><strong>Bluetooth</strong></td><td>v5.3</td></tr><tr><td><strong>Webcam</strong></td><td>FHD 1080p with E-shutter</td></tr><tr><td><strong>Hệ điều h&agrave;nh</strong></td><td>Windows&reg; 11 Home Single Language, English</td></tr><tr><td><strong>Pin</strong></td><td>Integrated 99.9Wh</td></tr><tr><td><strong>Trọng lượng</strong></td><td>2.62 kg</td></tr><tr><td><strong>M&agrave;u sắc</strong></td><td>Eclipse Black</td></tr><tr><td><strong>Chất liệu</strong></td><td>Aluminium (Top), Aluminium (Bottom)</td></tr><tr><td><strong>K&iacute;ch thước</strong></td><td>363.5 x 262.1 x 21.95-25.9 mm (14.31 x 10.32 x 0.86-1.02 inches)</td></tr><tr><td><strong>T&iacute;nh năng đặc biệt</strong></td><td>Hybrid thermal solution (air cooling + liquid metal)<br>AI Chip: LA2-Q<br>&nbsp;</td></tr></tbody></table>', '<h2><strong>Đ&aacute;nh gi&aacute; chi tiết laptop gaming Lenovo Legion Pro 7&nbsp;16IRX9H 83DE001NVN</strong></h2><p>Lenovo Legion Pro 7 16IRX9H 83DE001NVN l&agrave; một chiếc <a href=\"https://gearvn.com/pages/laptop-gaming\">laptop gaming</a> cao cấp, d&agrave;nh cho những game thủ chuy&ecirc;n nghiệp. M&aacute;y sở hữu cấu h&igrave;nh cực k&igrave; mạnh mẽ với thiết kế v&ocirc; c&ugrave;ng tinh tế v&agrave; g&oacute;c cạnh với c&acirc;n nặng 2.6kg v&agrave; độ d&agrave;y 25.9mm, m&agrave;n h&igrave;nh chất lượng cao v&agrave; hỗ trợ nhiều t&iacute;nh năng chơi game đỉnh cao.</p><p><img src=\"https://product.hstatic.net/200000722513/product/ava_ab9f280cd11e41e9a682bd8d1796c680_grande.png\" class=\"fr-fic fr-dii\"></p><h2><strong>M&agrave;n h&igrave;nh chất lượng cao</strong></h2><p>Lenovo Legion Pro 7 16IRX9H 83DE001MVN được trang bị <strong><a href=\"https://gearvn.com/pages/man-hinh\">m&agrave;n h&igrave;nh</a></strong> 16 inch WQXGA (2560 x 1600) IPS với tấm nền chống ch&oacute;i, độ ph&acirc;n giải 2.5K, hỗ trợ tần số qu&eacute;t l&ecirc;n đến <strong><a href=\"https://gearvn.com/collections/man-hinh-240hz\">240Hz</a></strong> cung cấp cho người chơi h&igrave;nh ảnh sắc n&eacute;t, m&agrave;u sắc sống động v&agrave; g&oacute;c nh&igrave;n rộng.</p><p><img src=\"https://product.hstatic.net/200000722513/product/legion_pro_7_16irx9h_ct1_06_d10aed375287467f9950a24c56f37502_grande.png\" class=\"fr-fic fr-dii\"></p><h2><strong>Hiệu năng tối ưu, mạnh mẽ</strong></h2><p>Lenovo Legion Pro 7 16IRX9H 83DE001MVN được trang bị <strong><a href=\"https://gearvn.com/collections/cpu-bo-vi-xu-ly?hang=intel\">CPU&nbsp;Intel&reg;</a></strong> Core&trade; i9-14900HX, 24C/32T, hỗ trợ tốc độ tối đa l&ecirc;n đến 5.8GHz, đ&aacute;p ứng mọi t&aacute;c vụ nặng như chơi game AAA ở mức cao nhất, render video 4K,... Ngo&agrave;i ra, <strong><a href=\"https://gearvn.com/collections/vga-card-man-hinh\">card m&agrave;n h&igrave;nh</a></strong> NVIDIA&reg; GeForce RTX&trade; 4080 12GB GDDR6, dung lượng <strong><a href=\"https://gearvn.com/collections/ram-laptop\">RAM</a></strong> 32GB (2x16GB) DDR5 5600MHz, gi&uacute;p cho m&aacute;y lu&ocirc;n hoạt động mượt m&agrave;, đảm bảo hiệu suất chơi game cũng như xử l&yacute; c&aacute;c t&aacute;c vụ nặng kh&aacute;c.</p><p><img src=\"https://product.hstatic.net/200000722513/product/legion_pro_7_16irx9h_ct1_02_50befc4d69dd471d80210383692bd47b_grande.png\" class=\"fr-fic fr-dii\"></p><h2><strong>Trang bị đầy&nbsp;đủ c&aacute;c cổng kết nối</strong></h2><p>Laptop gaming Lenovo Legion Pro 7 16IRX9H 83DE001MVN được trang bị đầy đủ c&aacute;c cổng kết nối ti&ecirc;n tiến nhất: 1x USB-A Gen 1 (lu&ocirc;n bật), 3x USB-A Gen 1, 1x USB-C (Thunderbolt&trade; 4), 1x USB-C Gen 2, 1x <strong><a href=\"https://gearvn.com/collections/day-cap-hdmi\">HDMI&reg;</a></strong> 2.1 (8K/60Hz), 1 giắc cắm <strong><a href=\"https://gearvn.com/collections/tai-nghe-may-tinh\">tai nghe</a></strong> 3.5mm, 1x RJ45.</p><p><img src=\"https://product.hstatic.net/200000722513/product/legion_pro_7_16irx9h_ct1_03_69386078404249ab8318337fac357cc4_grande.png\" class=\"fr-fic fr-dii\"></p><h2><strong>B&agrave;n ph&iacute;m v&agrave; touchpad</strong></h2><p><strong><a href=\"https://gearvn.com/collections/ban-phim-may-tinh\">B&agrave;n ph&iacute;m</a></strong> của Laptop gaming Lenovo Legion Pro 7 16IRX9H 83DE001MVN vẫn l&agrave; layout fullsize quen thuộc của Legion, n&acirc;ng cấp th&ecirc;m RGB Backlit cho người d&ugrave;ng trải nghiệm phong c&aacute;ch gaming sống động hơn. Touchpad được đặt nghi&ecirc;ng về b&ecirc;n tr&aacute;i thuận tiện hơn cho người d&ugrave;ng khi chơi c&aacute;c tựa game ESPORT cần d&ugrave;ng ph&iacute;m mũi t&ecirc;n nhiều.</p><p><img src=\"https://product.hstatic.net/200000722513/product/legion_pro_7_16irx9h_ct2_01_230f9e04647d442d8afc3cb2ca1d8a32_grande.png\" class=\"fr-fic fr-dii\"></p><p>B&agrave;i viết tr&ecirc;n đ&acirc;y đ&atilde; điểm qua một v&agrave;i th&ocirc;ng số đ&aacute;ng ch&uacute; &yacute; của chiếc laptop gaming Lenovo Legion Pro 7 16IRX9H 83DE001NVN, bạn c&oacute; thể để lại b&igrave;nh luận b&ecirc;n dưới nếu c&oacute; bất k&igrave; thắc mắc n&agrave;o về sản phẩm hoặc li&ecirc;n hệ trực tiếp cho ch&uacute;ng t&ocirc;i qua số hotline <strong>19005301 </strong>để được tư vấn v&agrave; giải đ&aacute;p ngay nh&eacute;!</p>', 'upload/lenovo-legion-1.1.jpg', 'upload/lenovo-legion-1.2.jpg', 'upload/lenovo-legion-1.3.jpg', 1, '2024-05-28 08:07:51', 7, 88990000);
INSERT INTO `tbl_sp` (`id_sp`, `name_sp`, `id_loaisp`, `id_hangsx`, `noibat`, `thongso_sp`, `mota_sp`, `img1`, `img2`, `img3`, `status`, `dateCreate`, `sale`, `gia_sp`) VALUES
(60, 'Laptop gaming Lenovo Legion 7 16IRX9 83FD006JVN', 2, 7, '<p>✔ Bảo h&agrave;nh ch&iacute;nh h&atilde;ng 24 th&aacute;ng.</p><p>✔ Hỗ trợ đổi mới trong 7 ng&agrave;y.</p><p>✔ Miễn ph&iacute; giao h&agrave;ng to&agrave;n quốc.</p>', '<table border=\"1\" cellpadding=\"3\" cellspacing=\"0\"><tbody><tr><td><strong>CPU</strong></td><td>Intel&reg; Core&trade; i9-14900HX, 24C (8P + 16E) / 32T, P-core 2.2 / 5.8GHz, E-core 1.6 / 4.1GHz, 36MB</td></tr><tr><td><strong>RAM</strong></td><td>32GB (2x16GB) SO-DIMM DDR5 5600MHz (2 slots, n&acirc;ng cấp tối đa 32GB)</td></tr><tr><td><strong>Ổ cứng</strong></td><td>1TB SSD M.2 2280 PCIe&reg; 4.0x4 NVMe&reg; (2&nbsp;slots&nbsp;M.2 2280 PCIe&reg; 4.0 x4)</td></tr><tr><td><strong>Card đồ họa</strong></td><td>NVIDIA&reg; GeForce RTX&trade; 4070 8GB GDDR6, Boost Clock 2175MHz, TGP 115W</td></tr><tr><td><strong>M&agrave;n h&igrave;nh</strong></td><td>16&quot; 3.2K (3200x2000) IPS 430nits Anti-glare, 100% DCI-P3, 165Hz, Dolby&reg; Vision&reg;, G-SYNC&reg;, Low Blue Light</td></tr><tr><td><strong>Cổng giao tiếp</strong></td><td>1x USB-A (USB 5Gbps / USB 3.2 Gen 1)<br>1x USB-A (USB 5Gbps / USB 3.2 Gen 1), Always On<br>1x USB-C&reg; (USB 5Gbps / USB 3.2 Gen 1)<br>1x USB-C&reg; (USB 10Gbps / USB 3.2 Gen 2), with PD 140W and DisplayPort&trade; 1.4<br>1x USB-C&reg; (Thunderbolt&trade; 4 / USB4&reg; 40Gbps), with PD 140W and DisplayPort&trade; 1.4<br>1x HDMI&reg; 2.1, up to 8K/60Hz<br>1x Headphone / microphone combo jack (3.5mm)<br>1x Card reader<br>1x Power connector</td></tr><tr><td><strong>B&agrave;n ph&iacute;m</strong></td><td>Per-key RGB Backlit, English</td></tr><tr><td><strong>Audio</strong></td><td>Stereo speakers, 2W x2, audio by HARMAN, optimized with Nahimic Audio</td></tr><tr><td><strong>Finger Print</strong></td><td>Touch Style, Integrated in Power Button</td></tr><tr><td><strong>Chuẩn LAN</strong></td><td>None</td></tr><tr><td><strong>Chuẩn WIFI</strong></td><td>Wi-Fi&reg; 6E, 11ax 2x2</td></tr><tr><td><strong>Bluetooth</strong></td><td>v5.3</td></tr><tr><td><strong>Webcam</strong></td><td>FHD 1080p with E-shutter</td></tr><tr><td><strong>Hệ điều h&agrave;nh</strong></td><td>Windows&reg; 11 Home Single Language, English</td></tr><tr><td><strong>Pin</strong></td><td>Integrated 99.9Wh</td></tr><tr><td><strong>Trọng lượng</strong></td><td>2.62 kg</td></tr><tr><td><strong>M&agrave;u sắc</strong></td><td>Glacier White</td></tr><tr><td><strong>Chất liệu</strong></td><td>Aluminium (Top), Aluminium (Bottom)</td></tr><tr><td><strong>K&iacute;ch thước</strong></td><td>357.7 x 262.5 x 17.6-19.8 mm (14.08 x 10.33 x 0.69- 0.78 inches)</td></tr><tr><td><strong>T&iacute;nh năng đặc biệt</strong></td><td>AI Chip: LA3</td></tr></tbody></table>', '<h2><strong>Đ&aacute;nh gi&aacute; chi tiết laptop gaming Lenovo Legion 7&nbsp;16IRX9 83FD006JVN</strong></h2><p>Lenovo Legion 7 16IRX9 83FD006JVN l&agrave; một chiếc <a href=\"https://gearvn.com/pages/laptop-gaming\">laptop gaming</a> cao cấp được thiết kế v&ocirc; c&ugrave;ng cứng c&aacute;p v&agrave; mạnh mẽ với vỏ ngo&agrave;i bằng nh&ocirc;m cao cấp. Ngo&agrave;i ra, n&oacute; c&ograve;n được trang bị bộ vi xử l&yacute; Intel&reg; Core&trade; i9-14900HX, gi&uacute;p c&aacute;c bạn chơi game v&agrave; xử l&yacute; c&aacute;c t&aacute;c vụ kh&aacute;c v&ocirc; c&ugrave;ng mượt m&agrave;. H&atilde;y c&ugrave;ng <strong><a href=\"https://gearvn.com/\">GEARVN</a></strong> t&igrave;m hiểu c&aacute;c th&ocirc;ng số của Lenovo Legion 7 16IRX9 83FD006JVN!</p><p><img src=\"https://product.hstatic.net/200000722513/product/ava1_55222a14cf474489b827814defd3f37d_grande.png\" class=\"fr-fic fr-dii\"></p><h2><strong>Thiết kế mạnh mẽ, cứng c&aacute;p </strong></h2><p>Laptop gaming Lenovo Legion 7 16IRX9 83FD006JVN được thiết kế với vỏ ngo&agrave;i ho&agrave;n to&agrave;n bằng nh&ocirc;m nguy&ecirc;n khối, v&ocirc; c&ugrave;ng cứng c&aacute;p v&agrave; chắc chắn. Điều n&agrave;y kh&ocirc;ng chỉ cung cấp sự bảo vệ cho c&aacute;c bộ phận b&ecirc;n trong m&aacute;y m&agrave; c&ograve;n tạo n&ecirc;n một sự sang trọng cho thiết kế. Ngo&agrave;i ra <strong><a href=\"https://gearvn.com/collections/laptop-lenovo-legion\">Legion</a></strong> thường ch&uacute; trọng v&agrave;o c&aacute;c chi tiết nhỏ, c&aacute;c đường cắt, g&oacute;c cạnh sắt n&eacute;t, c&aacute;c đường LED phản chiếu tạo n&ecirc;n một sự hấp dẫn đặc biệt.</p><p><img src=\"https://product.hstatic.net/200000722513/product/legion_7_16irx9_ct1_14_6de0663828a04eb282cb9162009e8963_grande.png\" class=\"fr-fic fr-dii\"></p><h2><strong>Cấu h&igrave;nh vượt trội</strong></h2><p>Sử dụng <a href=\"https://gearvn.com/collections/cpu-bo-vi-xu-ly?hang=intel\"><strong>CPU&nbsp;Intel&reg;</strong></a> Core&trade; i9-14900HX, 24C/32T, hỗ trợ tốc độ tối đa l&ecirc;n đến 5.8GHz, <a href=\"https://gearvn.com/collections/vga-card-man-hinh\"><strong>card đồ họa</strong></a> NVIDIA&reg; GeForce RTX&trade; 4070 8GB GDDR6, dung lượng <a href=\"https://gearvn.com/collections/ram-laptop\"><strong>RAM</strong></a> 32GB (2x16GB) DDR5 5600MHz. Cấu h&igrave;nh n&agrave;y đảm bảo hiệu xuất chơi game, xử l&yacute; c&aacute;c t&aacute;c vụ kh&aacute;c v&ocirc; c&ugrave;ng mượt m&agrave; v&agrave; khả năng đa nhiệm.</p><p><img src=\"https://product.hstatic.net/200000722513/product/legion_7_16irx9_ct1_10_4c3b40bbf17a4ecfb1ef7dd9981d4673_grande.png\" class=\"fr-fic fr-dii\"></p><h2><strong>M&agrave;n h&igrave;nh sắc n&eacute;t, sống động</strong></h2><p>Laptop gaming Lenovo Legion 7 16IRX9 83FD006JVN sở hữu <a href=\"https://gearvn.com/pages/man-hinh\"><strong>m&agrave;n h&igrave;nh</strong></a> IPS 16 inch, độ ph&acirc;n giải 3.2K, hỗ trợ tần số qu&eacute;t l&ecirc;n đến 165Hz. Điều n&agrave;y mang lại h&igrave;nh ảnh sắc n&eacute;t v&agrave; giảm hiện tượng mờ trong qu&aacute; tr&igrave;nh chơi game. Độ s&aacute;ng 400 nitz hỗ trợ h&igrave;nh ảnh hiển thị lu&ocirc;n tốt trong nhiều điều kiện &aacute;nh s&aacute;ng. Lenovo Legion 7 đạt chuẩn PANTONE Validated v&agrave; dải m&agrave;u DCI-P3 100% mang lại độ ch&iacute;nh x&aacute;c về m&agrave;u sắc cao.&nbsp;</p><p><img src=\"https://product.hstatic.net/200000722513/product/legion_7_16irx9_ct1_12_177fce4f9e2c42e784f8916156ccea4a_grande.png\" class=\"fr-fic fr-dii\"></p><h2><strong>Hỗ trợ đầy đủ c&aacute;c cổng kết nối</strong></h2><p>Laptop gaming Lenovo Legion 7 16IRX9 83FD006JVN được trang bị đầy đủ c&aacute;c cổng kết nối t&acirc;n tiến nhất: 1 cổng USB-A 3.2 Gen 1, 1 cổng USB-A 3.2 Gen 1 (Always On),1 cổng USB-C&reg; 3.2 Gen 1, 1 cổng USB-C&reg; 3.2 Gen 2, 1 cổng USB-C&reg; Thunderbolt&trade; 4, 1 cổng <a href=\"https://gearvn.com/collections/day-cap-hdmi\"><strong>HDMI&reg;</strong></a> 2.1, 1 cổng gi&aacute;c cắm <a href=\"https://gearvn.com/collections/tai-nghe-may-tinh\"><strong>tai nghe</strong></a> 3.5mm ti&ecirc;u chuẩn, 1 khe đọc thẻ nhớ.</p><p><img src=\"https://product.hstatic.net/200000722513/product/legion_7_16irx9_ct1_15_02e318c0f2a44c81a10fb8fa8f6a57a8_grande.png\" class=\"fr-fic fr-dii\"></p><h2><strong>B&agrave;n ph&iacute;m v&agrave; touchpad</strong></h2><p><a href=\"https://gearvn.com/collections/ban-phim-may-tinh\"><strong>B&agrave;n ph&iacute;m</strong></a> của Laptop gaming Lenovo Legion 7 16IRX9 83FD006JVN vẫn l&agrave; layout fullsize quen thuộc của Legion, n&acirc;ng cấp th&ecirc;m RGB Backlit cho người d&ugrave;ng trải nghiệm phong c&aacute;ch gaming sống động hơn. <a href=\"https://gearvn.com/blogs/cong-nghe/touchpad-tren-laptop-khong-hoat-dong-day-la-cach-ban-sua-loi\">Touchpad</a> được đặt nghi&ecirc;ng về b&ecirc;n tr&aacute;i thuận tiện hơn cho người d&ugrave;ng khi chơi c&aacute;c tựa game ESPORT cần d&ugrave;ng ph&iacute;m mũi t&ecirc;n nhiều.</p><p><img src=\"https://product.hstatic.net/200000722513/product/legion_7_16irx9_ct2_01_c2d0a35a0289422bbede47eb152b95a5_grande.png\" class=\"fr-fic fr-dii\"></p><p>B&agrave;i viết tr&ecirc;n đ&acirc;y đ&atilde; điểm qua một v&agrave;i th&ocirc;ng số đ&aacute;ng ch&uacute; &yacute; của chiếc laptop gaming Lenovo Legion 7 16IRX9 83FD006JVN, bạn c&oacute; thể để lại b&igrave;nh luận b&ecirc;n dưới nếu c&oacute; bất k&igrave; thắc mắc n&agrave;o về sản phẩm hoặc li&ecirc;n hệ trực tiếp cho ch&uacute;ng t&ocirc;i qua số hotline <strong>19005301</strong> để được tư vấn v&agrave; giải đ&aacute;p ngay nh&eacute;!</p>', 'upload/lenovo-legion-3.1.jpg', 'upload/lenovo-legion-3.2.jpg', 'upload/lenovo-legion-3.3.jpg', 1, '2024-05-28 08:11:56', 3, 66990000),
(61, 'Laptop gaming MSI Titan 18 HX A14VIG 205VN', 3, 6, '<p>✔ Bảo h&agrave;nh ch&iacute;nh h&atilde;ng 36 th&aacute;ng.</p><p>✔ Hỗ trợ đổi mới trong 7 ng&agrave;y.</p><p>✔ Windows bản quyền t&iacute;ch hợp.</p><p>✔ Miễn ph&iacute; giao h&agrave;ng to&agrave;n quốc.</p><p><u><strong>Qu&agrave; tặng:</strong></u></p><p>&nbsp;MSI Dual Drive 256GB (K&egrave;m m&aacute;y)</p><p>&nbsp;MSI Lucky Figure Keychain_Black (K&egrave;m m&aacute;y)</p><p>&nbsp;MSI Gaming Mouse (K&egrave;m m&aacute;y)</p><p>&nbsp;MSI Titan Gaming Backpack (K&egrave;m m&aacute;y)</p>', '<table border=\"1\" cellpadding=\"3\" cellspacing=\"0\"><tbody><tr><td><strong><a href=\"http://gearvn.com/collections/cpu-bo-vi-xu-ly\" target=\"_blank\">CPU</a></strong></td><td>Intel&reg; Core&trade; i9-14900HX Processors (1.6GHz upto 5.8GHz, 24 Cores 32 Threads, 36 MB Intel&reg; Smart Cache)</td></tr><tr><td><strong><a href=\"http://gearvn.com/collections/ram-laptop\" target=\"_blank\">RAM</a></strong></td><td>128GB (4 x 32GB) DDR5 5600MHz (2x SO-DIMM socket, up to max 192GB)</td></tr><tr><td><strong><a href=\"https://gearvn.com/collections/hdd-o-cung-pc\" target=\"_blank\">Ổ cứng</a></strong></td><td>4TB (2TB*2) NVMe PCIe Gen4x4 SSD (2x M.2 SSD slot NVMe PCIe Gen4, 1x M.2 SSD slot NVMe PCIe Gen5)</td></tr><tr><td><strong><a href=\"http://gearvn.com/collections/vga-card-man-hinh\" target=\"_blank\">VGA</a></strong></td><td>NVIDIA&reg; GeForce RTX&trade; 4090 Laptop GPU 16GB GDDR6 Up to 2040MHz Boost Clock 175W Maximum Graphics Power with Dynamic Boost. Max. 270W CPU-GPU Power with MSI OverBoost Technology.</td></tr><tr><td><strong><a href=\"https://gearvn.com/pages/man-hinh\" target=\"_blank\">M&agrave;n h&igrave;nh</a></strong></td><td>18&quot; 16:10 UHD+ (3840x2400), MiniLED, 120Hz, 100% DCI-P3 (Typ.), IPS-Level panel</td></tr><tr><td><br><strong>Cổng giao tiếp</strong></td><td>1x Type-C (USB / DP / Thunderbolt&trade; 4)<br>1x Type-C (USB / DP / Thunderbolt&trade; 4) with PD3.1 charging<br>3x Type-A USB3.2 Gen2<br>1x SD (XC/HC) Card Reader<br>1x HDMI&trade; 2.1 (8K @ 60Hz / 4K @ 120Hz)<br>1x RJ45</td></tr><tr><td><strong><a href=\"https://gearvn.com/collections/ban-phim-may-tinh\" target=\"_blank\">B&agrave;n ph&iacute;m</a></strong></td><td>Cherry Mechanical Per-Key RGB gaming keyboard by SteelSeries</td></tr><tr><td><strong>Audio</strong></td><td>4x 2W Speaker, 2x 2W Woofer</td></tr><tr><td><strong>Chu&acirc;̉n LAN</strong></td><td>Gb LAN (Up to 2.5G)</td></tr><tr><td><strong>Chuẩn WIFI</strong></td><td>Intel&reg; Killer&trade; Wi-Fi 7 BE1750(x)</td></tr><tr><td><strong>Bluetooth</strong></td><td>v5.4</td></tr><tr><td><strong><a href=\"http://gearvn.com/collections/webcam\" target=\"_blank\">Webcam</a></strong></td><td>IR FHD type (30fps@1080p) with HDR<br>3D Noise Reduction+ (3DNR+)</td></tr><tr><td><strong>Hệ điều h&agrave;nh</strong></td><td>Windows 11 Home</td></tr><tr><td><strong>Pin</strong></td><td>4 cell, 99.99Whr</td></tr><tr><td><strong>Trọng lượng</strong></td><td>3.6 kg</td></tr><tr><td><strong>M&agrave;u sắc</strong></td><td>Core Black</td></tr><tr><td><strong>Kích thước</strong></td><td>404 x 307.5 x 24-32.05 mm</td></tr></tbody></table>', '<h2><strong>Đ&aacute;nh gi&aacute; chi tiết laptop gaming&nbsp;MSI Titan 18 HX A14VIG 205VN</strong></h2><p>Nhắc tới <a href=\"https://gearvn.com/pages/laptop-gaming\">laptop gaming</a> chắc hẳn bạn lu&ocirc;n nghĩ ngay tới thương hiệu MSI với những bộ laptop với hiệu suất mạnh mẽ. Điều đ&oacute; được chứng minh th&ocirc;ng qua sản phẩm <strong>laptop gaming MSI Titan 18 HX A14VIG 205VN</strong> với th&ocirc;ng số kỹ thuật h&agrave;ng đầu nhằm mang đến cho người d&ugrave;ng những trải nghiệm chơi game thật hấp dẫn.</p><h3><strong>Con chip sinh ra d&agrave;nh cho game thủ</strong></h3><p>MSI Titan 18 HX A14VIG 205VN được trang bị chip <a href=\"https://gearvn.com/collections/cpu-intel-core-i9\">Intel Core i9</a> thế hệ thứ 14 với 24 nh&acirc;n v&agrave; 32 luồng, đ&acirc;y được xem l&agrave; con chip sở hữu khả năng chơi c&aacute;c game c&oacute; cường độ cao.</p><p><img alt=\"GEARVN - Laptop gaming MSI Titan 18 HX A14VIG 205VN\" src=\"https://file.hstatic.net/200000722513/file/gearvn-laptop-gaming-msi-titan-18-hx-a14vig-205vn-__2__1064bff8df754d2881c2bae32e92ac41_1024x1024.jpg\" class=\"fr-fic fr-dii\"></p><p>Hỗ trợ sức mạnh cho con chip l&agrave; bộ <a href=\"https://gearvn.com/collections/ram-pc\">RAM</a> 128GB gi&uacute;p CPU tr&iacute;ch xuất v&agrave; xử l&yacute; dữ liệu một c&aacute;ch nhanh ch&oacute;ng. Bạn c&oacute; thể trải nghiệm cảm gi&aacute;c chơi game đẳng cấp với tốc độ v&agrave; khả năng phản hồi đỉnh cao.</p><h3><strong>Ổ cứng dung lượng cực khủng</strong></h3><p>Laptop gaming MSI Titan 18 HX A14VIG 205VN sở hữu cho m&igrave;nh <a href=\"https://gearvn.com/collections/ssd-o-cung-the-ran\">ổ cứng SSD</a> l&ecirc;n đến 2TB, với ổ dung lượng khủng như thế n&agrave;y bạn c&oacute; thể thoải m&aacute;i sưu tập cho m&igrave;nh h&agrave;ng loạt con game m&agrave; bạn y&ecirc;u th&iacute;ch. Nếu bạn mong muốn lưu trữ nhiều hơn th&igrave; laptop cũng hỗ trợ bạn n&acirc;ng cấp SSD l&ecirc;n đến tận 4TB.</p><p><img alt=\"GEARVN - Laptop gaming MSI Titan 18 HX A14VIG 205VN\" src=\"https://file.hstatic.net/200000722513/file/gearvn-laptop-gaming-msi-titan-18-hx-a14vig-205vn-__19__af4e943de06548c49d835d04e6ee193c_1024x1024.jpg\" class=\"fr-fic fr-dii\"></p><h3><strong>Card đồ hoạ thế hệ mới cực nhanh</strong></h3><p>MSI trang bị cho chiếc laptop n&agrave;y <a href=\"https://gearvn.com/collections/vga-card-man-hinh\">VGA</a> được xem l&agrave; d&agrave;nh ri&ecirc;ng cho game thủ l&agrave; những nh&agrave; s&aacute;ng tạo mang t&ecirc;n NVIDIA&reg; GeForce RTX&trade; 4090. Đ&acirc;y l&agrave; chiếc card đồ hoạ được hỗ trợ bởi kiến tr&uacute;c NVIDIA Ada Lovelace mang đến hiệu suất cực kỳ cao c&ugrave;ng với đ&oacute; l&agrave; cải thiện hiệu năng v&agrave; đồ hoạ một c&aacute;ch đ&aacute;ng kể. Với c&aacute;c game thủ y&ecirc;u th&iacute;ch c&aacute;c game FPS th&igrave; chắc hẳn sẽ rất th&iacute;ch MSI Titan 18 HX A14VIG 205VN nhờ t&iacute;nh năng d&ograve; tia v&agrave; độ trễ tối thiểu để trải nghiệm thế giới ảo thật sống động.</p><p><img alt=\"GEARVN - Laptop gaming MSI Titan 18 HX A14VIG 205VN\" src=\"https://file.hstatic.net/200000722513/file/gearvn-laptop-gaming-msi-titan-18-hx-a14vig-205vn-__25__edcecf6034734f589ef3f85e27819657_1024x1024.jpg\" class=\"fr-fic fr-dii\"></p><h3><strong>Quạt tản nhiệt c&ocirc;ng suất lớn</strong></h3><p>Nhờ sở hữu hệ thống <a href=\"https://gearvn.com/collections/tan-nhiet-khi\">tản nhiệt</a> Vapor Champer Cooler với tận 2 quạt l&agrave;m m&aacute;t v&agrave; 4 lỗ tho&aacute;t kh&iacute;, m&agrave; nguồn kh&iacute; n&oacute;ng trong MSI Titan 18 HX A14VIG 205VN sẽ thường xuy&ecirc;n được đối lưu ra ngo&agrave;i. Gi&uacute;p laptop gaming c&oacute; thể hoạt động hết c&ocirc;ng suất m&agrave; vẫn giữ được tuổi thọ cao của sản phẩm.</p><p><img alt=\"GEARVN - Laptop gaming MSI Titan 18 HX A14VIG 205VN\" src=\"https://file.hstatic.net/200000722513/file/gearvn-laptop-gaming-msi-titan-18-hx-a14vig-205vn-__19__78bbd9d06c774b9294e7f30749051008_1024x1024.jpg\" class=\"fr-fic fr-dii\"></p><h3><strong>M&agrave;n h&igrave;nh 18&rsquo;&rsquo; sắc n&eacute;t</strong></h3><p>MSI Titan 18 HX A14VIG 205VN sở hữu m&agrave;n h&igrave;nh 18&rdquo; với m&agrave;n h&igrave;nh UHD+ (3840x2400) v&agrave; tần số qu&eacute;t 120Hz, bạn sẽ được trải nghiệm một chiếc m&agrave;n h&igrave;nh với m&agrave;u sắc ch&acirc;n thật v&agrave; h&igrave;nh ảnh sống động nhất. Kết hợp c&ugrave;ng <a href=\"https://gearvn.com/blogs/thu-thuat-giai-dap/cong-nghe-man-hinh-ips-la-gi\">tấm nền IPS</a> trải nghiệm xem m&agrave;n h&igrave;nh của bạn sẽ rực rỡ sắc m&agrave;u ở mọi g&oacute;c độ.</p><p><img alt=\"GEARVN - Laptop gaming MSI Titan 18 HX A14VIG 205VN\" src=\"https://file.hstatic.net/200000722513/file/gearvn-laptop-gaming-msi-titan-18-hx-a14vig-205vn-__3__754be64fe75c4b1fb9016e1c384a1dda_1024x1024.jpg\" class=\"fr-fic fr-dii\"></p><p>Nhờ chiếc m&agrave;n h&igrave;nh của laptop gaming MSI Titan 18 HX A14VIG 205VN m&agrave; bạn sẽ c&oacute; thể nh&igrave;n thấy được mọi chuyển động của kẻ địch cũng như nh&igrave;n ngắm một thế giới ảo sắc n&eacute;t.</p>', 'upload/msi-gaming2.1.jpg', 'upload/msi-gaming2.2.jpg', 'upload/msi-gaming2.3.jpg', 1, '2024-05-28 08:23:18', 10, 149990000),
(62, 'Laptop gaming MSI Cyborg 15 A12VE 412VN', 3, 6, '<p>✔ Bảo h&agrave;nh ch&iacute;nh h&atilde;ng 24 th&aacute;ng.</p><p>✔ Hỗ trợ đổi mới trong 7 ng&agrave;y.</p><p>✔ Windows bản quyền t&iacute;ch hợp.</p><p>✔ Miễn ph&iacute; giao h&agrave;ng to&agrave;n quốc.</p>', '<table border=\"1\" cellpadding=\"3\" cellspacing=\"0\"><tbody><tr><td><strong><a href=\"http://gearvn.com/collections/cpu-bo-vi-xu-ly\" target=\"_blank\">CPU</a></strong></td><td>Intel Core i5-12450H (3.3GHz~4.4GHz) 8 Cores 12 Threads</td></tr><tr><td><strong><a href=\"http://gearvn.com/collections/ram-laptop\" target=\"_blank\">RAM</a></strong></td><td>8GB (1 x 8GB) DDR5 5200MHz (2x SO-DIMM socket, up to 64GB SDRAM)</td></tr><tr><td><strong><a href=\"https://gearvn.com/collections/hdd-o-cung-pc\" target=\"_blank\">Ổ cứng</a></strong></td><td>512GB NVMe PCIe Gen 4 <a href=\"https://gearvn.com/collections/ssd-o-cung-the-ran\" target=\"_blank\">SSD</a> (1 slot)</td></tr><tr><td><strong><a href=\"http://gearvn.com/collections/vga-card-man-hinh\" target=\"_blank\">VGA</a></strong></td><td>NVIDIA&reg; GeForce RTX&trade; 4050 6GB Up to 1605MHz Boost Clock 40W Maximum Graphics Power with Dynamic Boost</td></tr><tr><td><strong><a href=\"https://gearvn.com/pages/man-hinh\" target=\"_blank\">M&agrave;n h&igrave;nh</a></strong></td><td>15.6&quot; FHD (1920x1080), 144Hz, IPS-Level, 45% NTSC, 65% sRGB</td></tr><tr><td><br><strong>Cổng giao tiếp</strong></td><td><ul><li>1x Type-C (USB3.2 Gen1 / DP)</li><li>2x Type-A USB3.2 Gen1</li><li>1x HDMI&trade; 2.1 (4K @ 60Hz)</li><li>1x RJ45</li><li>1x Mic-in/Headphone-out Combo Jack</li></ul></td></tr><tr><td><strong><a href=\"https://gearvn.com/collections/ban-phim-may-tinh\" target=\"_blank\">B&agrave;n ph&iacute;m</a></strong></td><td>Single Backlit Keyboard (Blue)</td></tr><tr><td><strong>Chuẩn LAN</strong></td><td>Gigabit Ethernet</td></tr><tr><td><strong>Chuẩn WIFI</strong></td><td>(802.11ax )Wi-Fi 6</td></tr><tr><td><strong>Bluetooth</strong></td><td>v5.2</td></tr><tr><td><strong>Audio</strong></td><td>2x 2W Speaker</td></tr><tr><td><strong><a href=\"http://gearvn.com/collections/webcam\" target=\"_blank\">Webcam</a></strong></td><td>HD type (30fps@720p)</td></tr><tr><td><strong>Hệ điều h&agrave;nh</strong></td><td>Windows 11 Home</td></tr><tr><td><strong>Pin</strong></td><td>3 cell, 53.5Whr</td></tr><tr><td><strong>Trọng lượng</strong></td><td>1.98 kg</td></tr><tr><td><strong>M&agrave;u sắc</strong></td><td>Translucent Black</td></tr><tr><td><strong>K&iacute;ch thước</strong></td><td>359.36 x 250.34 x 21.95~22.9 mm</td></tr></tbody></table>', '<h2><strong>Đ&aacute;nh gi&aacute; chi tiết laptop gaming MSI Cyborg 15 A12VE 412VN</strong></h2><p>L&agrave; c&aacute;i t&ecirc;n đứng đằng sau những series <a href=\"https://gearvn.com/pages/laptop-gaming\" target=\"_blank\">laptop gaming</a> nổi tiếng như Bravo, Katana, MSI lu&ocirc;n hướng tới những sản phẩm tốt nhất cho người d&ugrave;ng của m&igrave;nh, đặc biệt l&agrave; game thủ. V&agrave; ch&agrave;o đ&oacute;n cho một kỉ nguy&ecirc;n mới, thi&ecirc;n hướng c&ocirc;ng nghệ cao th&igrave; nh&agrave; rồng đ&atilde; mang tới cho ch&uacute;ng ta series sản phẩm mới với t&ecirc;n Cyborg. H&ocirc;m nay <a href=\"https://gearvn.com/\" target=\"_blank\">GEARVN</a> sẽ giới thiệu với c&aacute;c bạn về chiếc laptop <strong>MSI Cyborg 15 A12VE 412VN</strong>.</p><p><img alt=\"GEARVN - Laptop gaming MSI Cyborg 15 A12VE 412VN\" src=\"https://file.hstatic.net/1000026716/file/gearvn-laptop-gaming-msi-cyborg-15-a12ve-412vn-1_2fe9d4fa7ffd45bc9ef705f584e61cc1.png\" class=\"fr-fic fr-dii\"></p><h3><strong>Vẻ ngo&agrave;i cyberpunk ngầu l&ograve;i</strong></h3><p>Đ&uacute;ng như t&ecirc;n gọi, MSI Cyborg 15 A12VE 412VN mang đến một vẻ ngo&agrave;i v&ocirc; c&ugrave;ng t&acirc;n tiến khi những đường n&eacute;t đều mang trong m&igrave;nh vẻ đẹp của c&ocirc;ng nghệ tương lai. Mặt dưới của chiếc laptop gaming MSI nhấn mạnh slogan cho series sản phẩm từ nh&agrave; rồng - &ldquo;MSI True Gaming&rdquo; như khẳng định cho ph&acirc;n kh&uacute;c người d&ugrave;ng thuộc về n&oacute;. Một chiến binh người m&aacute;y mạnh mẽ đang tr&ocirc;ng chờ chủ nh&acirc;n xứng đ&aacute;ng với n&oacute;, MSI Cyborg 15 A12VE 412VN.</p><p><img alt=\"GEARVN - Laptop gaming MSI Cyborg 15 A12VE 412VN\" src=\"https://file.hstatic.net/1000026716/file/gearvn-laptop-gaming-msi-cyborg-15-a12ve-412vn-6_3e288b266af44d9f86c9b803ddc1039c.png\" class=\"fr-fic fr-dii\"></p><h3><strong>Sức mạnh hiệu năng ti&ecirc;n tiến</strong></h3><p>Khả năng xử l&yacute; tr&ecirc;n MSI Cyborg 15 A12VE 412VN sẽ được đảm nhiệm bởi thế hệ thứ 12 từ Intel, i5-12450H đảm bảo một tốc độ xử l&yacute; tuyệt vời với mọi y&ecirc;u cầu từ chủ nh&acirc;n. C&ugrave;ng với đ&oacute; l&agrave; c&ocirc;ng việc xử l&yacute; đồ họa được giao cho GPU <a href=\"https://gearvn.com/collections/laptop-rtx-40-series\" target=\"_blank\">RTX 4050</a> t&acirc;n tiến từ thế hệ RTX 40 Series mới nhất từ NVIDIA. Kết hợp với nhau, MSI Cyborg 15 A12VE 412VN cho ra khả năng sử dụng đa t&aacute;c vụ, từ chơi game đến l&agrave;m việc, tất cả đều được chiếc laptop ho&agrave;n th&agrave;nh một c&aacute;ch xuất sắc.</p><p><img alt=\"GEARVN - Laptop gaming MSI Cyborg 15 A12VE 412VN\" src=\"https://file.hstatic.net/1000026716/file/gearvn-laptop-gaming-msi-cyborg-15-a12ve-412vn-2_22f2ad49b4c243a1ab3ffa52cb23df36.png\" class=\"fr-fic fr-dii\"></p><p>V&agrave; kh&ocirc;ng thể thiếu tr&ecirc;n MSI Cyborg 15 A12VE 412VN đ&oacute; ch&iacute;nh l&agrave; kh&ocirc;ng gian lưu trữ 512GB <a href=\"https://gearvn.com/collections/ssd-o-cung-the-ran\" target=\"_blank\">SSD</a>, đem đến cho người d&ugrave;ng thư viện dữ liệu lưu trữ mọi tệp tin, t&agrave;i liệu c&ugrave;ng game v&agrave; phần mềm tr&ecirc;n chiếc laptop.</p><h3><strong>Hiển thị sắc n&eacute;t c&ugrave;ng m&agrave;n h&igrave;nh 144Hz</strong></h3><p>MSI Cyborg 15 A12VE 412VN thể hiện mọi chi tiết c&ugrave;ng h&igrave;nh ảnh tr&ecirc;n chiếc m&agrave;n h&igrave;nh k&iacute;ch thước 15.6 inch. Sở hữu độ ph&acirc;n giải <a href=\"https://gearvn.com/collections/do-phan-giai-full-hd-1080p\" target=\"_blank\">Full HD</a> c&ugrave;ng những chỉ số 45% NTSC v&agrave; 65% sRGB, những chi tiết được MSI Cyborg 15 mang đến cho người d&ugrave;ng thật sự đ&aacute;ng khen ngợi. Được sinh ra d&agrave;nh cho game thủ, chiếc laptop MSI kh&ocirc;ng thể bỏ qua tần số qu&eacute;t l&ecirc;n đến <a href=\"https://gearvn.com/collections/man-hinh-144hz\" target=\"_blank\">144Hz</a>, đảm bảo những thao t&aacute;c mượt m&agrave; v&agrave; bắt kịp mọi chuyển động ở mọi tựa game.</p><p><img alt=\"GEARVN - Laptop gaming MSI Cyborg 15 A12VE 412VN\" src=\"https://file.hstatic.net/1000026716/file/gearvn-laptop-gaming-msi-cyborg-15-a12ve-412vn-3_c57552fad5cb4b13beace9ae891e4384.png\" class=\"fr-fic fr-dii\"></p><h3><strong>Kết nối đa dụng</strong></h3><p>Kh&ocirc;ng thể thiếu những cổng kết nối tr&ecirc;n một chiếc laptop gaming như MSI Cyborg 15 A12VE 412VN. Nh&agrave; rồng trang bị cho chiến binh của m&igrave;nh những cổng kết nối th&ocirc;ng dụng nhất với USB 3.2 Gen1 Type-C/Type-A cho kết nối với c&aacute;c thiết bị ngoại vi như <a href=\"https://gearvn.com/collections/gaming-gear\" target=\"_blank\">gaming gear</a> c&ugrave;ng nhiều phụ kiện kh&aacute;c, cổng HDMI, RJ45 v&agrave; combo jack audio. Tất cả được hội tụ đầy đủ tr&ecirc;n MSI Cyborg 15 A12VE 412VN phục vụ đến với mọi nhu cầu người d&ugrave;ng.</p><p><img alt=\"GEARVN - Laptop gaming MSI Cyborg 15 A12VE 412VN\" src=\"https://file.hstatic.net/1000026716/file/gearvn-laptop-gaming-msi-cyborg-15-a12ve-412vn-10_49f98874564c4e0690da99dfde095157.png\" class=\"fr-fic fr-dii\"></p>', 'upload/msi-gaming3.1.jpg', 'upload/msi-gaming3.2.jpg', 'upload/msi-gaming3.3.jpg', 1, '2024-05-28 08:26:31', 14, 24990000);

-- --------------------------------------------------------

--
-- Table structure for table `tbl_tin`
--

CREATE TABLE `tbl_tin` (
  `id_tin` int NOT NULL,
  `tieuDe` varchar(255) CHARACTER SET utf8mb4 COLLATE utf8mb4_general_ci NOT NULL,
  `img` mediumtext CHARACTER SET utf8mb4 COLLATE utf8mb4_general_ci,
  `tomtat` mediumtext CHARACTER SET utf8mb4 COLLATE utf8mb4_general_ci,
  `noidung` mediumtext CHARACTER SET utf8mb4 COLLATE utf8mb4_general_ci,
  `tukhoa` varchar(255) CHARACTER SET utf8mb4 COLLATE utf8mb4_general_ci DEFAULT NULL,
  `ngayviet` datetime DEFAULT NULL
) ENGINE=InnoDB DEFAULT CHARSET=utf8mb4 COLLATE=utf8mb4_general_ci;

--
-- Dumping data for table `tbl_tin`
--

INSERT INTO `tbl_tin` (`id_tin`, `tieuDe`, `img`, `tomtat`, `noidung`, `tukhoa`, `ngayviet`) VALUES
(1, 'Top 5 Laptop Gaming MSI Hot Nhất 2019', 'upload/2.PNG', '<p>Thị trường laptop gaming trong 2019 kh&aacute; s&ocirc;i động với sự ra đời của nhiều sản phẩm gaming ấn tượng về cả thiết kế lẫn hiệu năng. Trong đ&oacute;, h&atilde;ng MSI cũng g&oacute;p mặt với c&aacute;c &ldquo;chiến binh&rdquo; cực chất trải d&agrave;i mọi ph&acirc;n kh&uacute;c. Để t&igrave;m hiểu kĩ hơn, h&atilde;y c&ugrave;ng Kim Long Center điểm danh <strong>top 5 laptop gaming MSI hot nhất 2019</strong> ngay trong b&agrave;i viết sau nh&eacute;.l</p>', '<p><img alt=\"top 5 laptop gaming MSi hot nhất 2019\" src=\"https://kimlongcenter.com/upload/image/tintuc/top%205%20laptop%20gaming%20MSi%202019/top-5-laptop0gaming-msi-%C4%91%C3%A1ng-mua-2019.jpg\" class=\"fr-fic fr-dii\"></p><p>&nbsp;</p><p>&nbsp;</p><p>&nbsp;</p><h3><strong>1. MSI GF63 THIN 9RCX 646VN</strong></h3><h3>&nbsp;</h3><p>L&agrave; một trong những chiến binh mới nhất trong năm nay của <a href=\"https://kimlongcenter.com/danh-muc/gf-series-520.html\"><strong>d&ograve;ng GF Series</strong></a>, <strong>MSI GF63 Thin 9RCX 646VN </strong>sở hữu cấu h&igrave;nh ấn tượng trong ph&acirc;n kh&uacute;c tầm trung với chip thế hệ thứ 9 c&ugrave;ng card rời GTX 1050Ti. Chiếc m&aacute;y n&agrave;y sẽ l&agrave; đối thủ nặng k&iacute; của c&aacute;c h&atilde;ng kh&aacute;c v&igrave; ph&ugrave; hợp cho cả học tập, l&agrave;m việc kết hợp giải tr&iacute; cao với mức gi&aacute; dưới 25 triệu.</p><p>&nbsp;</p><p><strong>GF63 9RCX 646VN</strong> được <a href=\"https://kimlongcenter.com/danh-muc/laptop-msi-477.html\"><strong>MSI</strong></a> trang bị hiệu năng xứng đ&aacute;ng trong tầm gi&aacute;. Vi xử l&yacute; Core i5-9300H, 8GB RAM c&ugrave;ng SSD 512GB M.2 PCIe gi&uacute;p mọi đa nhiệm trở n&ecirc;n mượt m&agrave; hơn, kể cả khi chạy nhiều ứng dụng c&ugrave;ng l&uacute;c. B&ecirc;n cạnh đ&oacute;, card rời <strong>GTX 1050Ti 4GB GDDR5</strong> cũng gi&uacute;p c&aacute;c gamer trải nghiệm ho&agrave;n hảo c&aacute;c tựa game PUBG, Battlefỉeld 4, Metro Last Light,...ở mức xấp xỉ 60 FPS với độ ph&acirc;n giải 1080p. Với d&ograve;ng m&aacute;y n&agrave;y, MSI c&ograve;n mang đến cho bạn một t&ugrave;y chọn nữa l&agrave; Core i7-9750H với <a href=\"https://kimlongcenter.com/san-pham/msi-gf63-thin-9rcx-645vn-i7-9750h-3587.html\"><strong>GF63 Thin 9RCX 645VN</strong></a> để chiến game tốt hơn.</p><p>&nbsp;</p><p><img alt=\"gf63 thin 9rcx 646vn\" src=\"https://kimlongcenter.com/upload/image/tintuc/top%205%20laptop%20gaming%20MSi%202019/gf63-thin-9rcx-646vn.jpg\" class=\"fr-fic fr-dii\"></p><p><em>Laptop MSI GF63 Thin 9RCX 646VN</em></p><p>&nbsp;</p><p><br></p><p>&nbsp;</p><h3><strong>2. MSI GF63 THIN 9SC-070VN</strong></h3><h3>&nbsp;</h3><p><strong>GF63 Thin 9SC-070VN </strong>được biết đến với hiệu năng xứng đ&aacute;ng trong ph&acirc;n kh&uacute;c tầm 25 triệu để hướng tới nhu cầu l&agrave;m việc, học tập kết hợp giải tr&iacute;, điển h&igrave;nh l&agrave; c&aacute;c bạn sinh vi&ecirc;n.<strong>&nbsp;</strong>Ưu điểm lớn nhất của chiếc laptop gaming n&agrave;y l&agrave; c&oacute; t&iacute;nh di dộng cao với khối lượng 1.86kg, song song đ&oacute; thiết kế cũng kh&aacute; mỏng nhẹ n&ecirc;n rất ph&ugrave; hợp cho người d&ugrave;ng phải di chuyển nhiều.</p><p>&nbsp;</p><p>Viền m&agrave;n h&igrave;nh si&ecirc;u mỏng từ trước đến nay chỉ c&oacute; ở d&ograve;ng <a href=\"https://kimlongcenter.com/danh-muc/gs-series-488.html\"><strong>GS Series</strong></a> cao cấp, nhưng n&oacute; đ&atilde; được trang bị cho <strong>MSI GF63 Thin 9SC 070VN</strong> để mang lại kh&ocirc;ng giaN hiển thị tốt hơn tr&ecirc;n khung m&agrave;n h&igrave;nh 15.6&rdquo;. Cấu h&igrave;nh của m&aacute;y cũng mạnh mẽ với Core i7-9750H, RAM c&oacute; sẵn 8GB v&agrave; SSD 256GB đủ sức đảm đương c&aacute;c tựa game hot hiện nay.</p><p>&nbsp;</p><p>Điểm cộng cho hiệu năng của m&aacute;y l&agrave; sở hữu card đồ họa <strong>NVIDA GeForce GTX 1650 4GB </strong>mang trải nghiệm ấn tượng cho người d&ugrave;ng khi chơi c&aacute;c tựa game c&oacute; độ ph&acirc;n giải cao. Ngo&agrave;i ra, bạn cũng c&oacute; thể t&ugrave;y chọn chip Core i5-9300H với c&aacute;c th&ocirc;ng số cấu h&igrave;nh tương tự với phi&ecirc;n bản <a href=\"https://kimlongcenter.com/san-pham/msi-gf63-thin-9sc-071vn-i5-9300h-3396.html\"><strong>GF63 Thin 9SC-071VN.</strong></a></p><p>&nbsp;</p><p><img alt=\"LAPTOP MSI GF63 THIN 9SC-070VN\" src=\"https://kimlongcenter.com/upload/image/tintuc/top%205%20laptop%20gaming%20MSi%202019/LAPTOP-gf63-thin-9sc-070vn.jpg\" class=\"fr-fic fr-dii\"></p><p><em>Laptop MSI GF63 Thin 9SC-070VN</em></p><p>&nbsp;</p><p><br></p><p>&nbsp;</p><h3><strong>3. MSI GF75 THIN 9SC-207VN</strong></h3><h3>&nbsp;</h3><p>Cũng nằm trong d&ograve;ng GF Series như hai d&ograve;ng m&aacute;y tr&ecirc;n, <strong>GF75 Thin 9SC-207VN</strong> nổi bật với thiết kế m&agrave;n h&igrave;nh 17.3&rdquo; FHD IPS hướng đến người d&ugrave;ng y&ecirc;u th&iacute;ch g&oacute;c nh&igrave;n rộng. Song song đ&oacute;, m&agrave;n h&igrave;nh cũng được viền mỏng ở 3 cạnh gi&uacute;p cho tỉ lệ m&agrave;n h&igrave;nh l&ecirc;n đến 88% th&acirc;n m&aacute;y, đ&acirc;y cũng l&agrave; điểm cộng lớn cho chiếc m&aacute;y n&agrave;y.</p><p>&nbsp;</p><p>Ngo&agrave;i ra, hiệu năng của <strong>MSI GF75 Thin 9SC 207VN</strong> cũng kh&ocirc;ng l&agrave;m bạn thất vọng. Sức mạnh của m&aacute;y được ph&aacute;t huy nhờ vi xử l&yacute; Core i7-9750H, RAM 8GB c&ugrave;ng SSD 256GB PCIe đảm đương tốt c&aacute;c tựa game online. Ngo&agrave;i ra card rời <strong>GTX 1650 4GB</strong> với nền tảng Turing được xem l&agrave; cạnh tranh với GTX 1050Ti cũng mang lại chất lượng đồ họa cao.</p><p>&nbsp;</p><p><img alt=\"GF75 THIN 9SC-207VN\" src=\"https://kimlongcenter.com/upload/image/tintuc/top%205%20laptop%20gaming%20MSi%202019/LAPTOP-MSI-GF75-THIN-9SC-207VN.jpg\" class=\"fr-fic fr-dii\"></p><p><em>Laptop MSI GF75 Thin 9SC-207VN</em></p><p>&nbsp;</p><p>&nbsp;</p><p><strong>&nbsp; &nbsp;</strong></p><p>&nbsp;</p><h3><strong>4. MSI GL75 9SD-035VN</strong></h3><h3>&nbsp;</h3><p>Nếu bạn mong muốn chiến game đ&atilde; mắt với g&oacute;c nh&igrave;n rộng th&igrave; <strong>MSI GL75 9SD-035VN</strong> với trang bị m&agrave;n h&igrave;nh 17&rdquo; FHD, kết hợp tần số qu&eacute;t 120Hz l&agrave; lựa chọn kh&ocirc;ng thể tuyệt vời hơn. Với mức gi&aacute; tầm 35 triệu, chiếc m&aacute;y của d&ograve;ng <a href=\"https://kimlongcenter.com/danh-muc/gl-series-486.html\" target=\"_blank\"><strong>GL series</strong></a> rất đ&aacute;ng để bạn sở hữu v&igrave; sức mạnh kh&oacute; cưỡng của m&igrave;nh.</p><p>&nbsp;</p><p><strong>GL75 9SD-035VN</strong> được trang bị vi xử l&yacute; Core i7-9750H xung nhịp từ 2.6-4.5GHz, dung lượng RAM lớn 16GB c&ugrave;ng SSD 512GB NVMe PCIe ho&agrave;n to&agrave;n đảm đương tốt mọi đa nhiệm của người c&ugrave;ng cũng như chạy c&aacute;c tựa game nặng. B&ecirc;n cạnh đ&oacute;, card rời GTX 1660Ti sẽ mang lại cho bạn chất lượng đồ họa tuyệt vời tr&ecirc;n từng khung h&igrave;nh.</p><p>&nbsp;</p><p>Về tản nhiệt th&igrave; ch&uacute;ng ta c&oacute; lẽ kh&ocirc;ng c&ograve;n b&agrave;n c&atilde;i về d&ograve;ng <a href=\"https://kimlongcenter.com/tim-kiem.html?fucn_oth=154\"><strong>laptop gaming</strong></a> của MSI. Bỏ qua thiết kế tản nhiệt Cooler Boost 3 v&agrave; 4 được đ&aacute;nh gi&aacute; rất cao trước đ&oacute;, <strong>GL75 9SD-035VN</strong> được trang bị lu&ocirc;n cả Cooler Boost 5 với 7 ống đồng gi&uacute;p xả gi&oacute; nhiều hơn để mọi cuộc chơi đều kh&ocirc;ng bị gi&aacute;n đoạn.</p><p>&nbsp;</p><p><img alt=\"GL75 9SD-035VN\" src=\"https://kimlongcenter.com/upload/image/tintuc/top%205%20laptop%20gaming%20MSi%202019/MSI-GL75-9SD-035VN.jpg\" class=\"fr-fic fr-dii\"></p><p><em>Laptop MSI GL75 9SD-035VN</em></p><p>&nbsp;</p><p><strong>&nbsp; </strong></p><p>&nbsp;</p><h3><strong>5. MSI GP65 LEOPARD 9SD-068VN</strong></h3><h3>&nbsp;</h3><p>Với sự ph&aacute; c&aacute;ch ở ngoại h&igrave;nh cũng như hiệu năng được trang bị cực khủng d&agrave;nh cho ph&acirc;n kh&uacute;c cao cấp, <strong>MSI GP65 Leopard 9SD-068VN</strong> sẽ l&agrave; lựa chọn ho&agrave;n hảo cho c&aacute;c game thủ chinh phục đỉnh cao tr&ecirc;n mọi tựa game.</p><p>&nbsp;</p><p>Những điểm cộng lớn d&agrave;nh cho chiếc m&aacute;y trước hết đến từ hiệu năng. Ngo&agrave;i chip Core i7-9750H 6 nh&acirc;n 12 luồng mạnh mẽ, dung lượng RAM cũng được trang bị đến 16GB v&agrave; kh&ocirc;ng thế thiếu SSD 512GB PCIe cho tốc độ truy xuất nhanh. Hơn nữa, card rời <strong>GTX 1660Ti 6GB</strong> kh&ocirc;ng những hỗ trợ tốt cho c&ocirc;ng việc s&aacute;ng tạo m&agrave; c&ograve;n thể hiện khả năng đồ họa sắc n&eacute;t với c&aacute;c tựa game Apex Legend (setiing High) hay PUBG (setiing Ultra).</p><p>&nbsp;</p><p>Ngo&agrave;i ra, với việc sở hữu <strong>GP65 Leopard 9SD</strong> người d&ugrave;ng c&ograve;n được trải nghiệm thị gi&aacute;c ho&agrave;n hảo hơn với b&agrave;n ph&iacute;m RGB đẹp mắt c&ugrave;ng tần số qu&eacute;t m&agrave;n h&igrave;nh ấn tượng 144Hz.</p><p>&nbsp;</p><p><img alt=\"gp65 leopard 9sd-068vn\" src=\"https://kimlongcenter.com/upload/image/tintuc/top%205%20laptop%20gaming%20MSi%202019/gp65-leopard.jpg\" class=\"fr-fic fr-dii\"></p><p><em>Laptop MSI&nbsp;GP65 Leopard 9SD -068VN</em></p>', '<h1>Top 5 Laptop Gaming MSI Hot Nhất 2019</h1>', '2019-11-13 04:22:29'),
(2, 'Dell ra mắt laptop chạy chip core thế hệ 10 đầu tiên tại Việt Nam', 'upload/3.PNG', '<p><strong>Với sản phẩm mới, Dell kh&ocirc;ng chỉ n&acirc;ng cấp nền tảng phần cứng m&agrave; c&ograve;n cải tiến nhiều về thiết kế, mang lại trải nghiệm người d&ugrave;ng tốt hơn, sức mạnh xử l&yacute; đồ họa c&ugrave;ng thời lượng d&ugrave;ng pin l&acirc;u hơn</strong></p>', '<p><img src=\"https://cdn.trangcongnghe.com/uploads/posts/2019-10/dell-tung-laptop-chay-chip-core-the-he-10-dau-tien-tai-viet-nam-gia-tu-1259-trieu-1.jpg\" alt=\"Dell ra mắt laptop chạy chip core thế hệ 10 đầu tiên tại Việt Nam\" class=\"fr-fic fr-dii\"></p><h3><strong>DELL INSPIRON 2019</strong></h3><p>Inspiron l&agrave; nh&oacute;m laptop được n&acirc;ng cấp nền tảng phần cứng Intel Core thế hệ 10 với đa dạng sản phẩm thuộc c&aacute;c ph&acirc;n kh&uacute;c Inspiron 3000, 5000 v&agrave; cả Inspiron 7000. Về thiết kế, mẫu Inspiron mới ấn tượng người d&ugrave;ng với t&ocirc;ng m&agrave;u tươi trẻ, kiểu d&aacute;ng đẹp, mỏng nhẹ v&agrave; t&iacute;nh di động linh hoạt. Vỏ ngo&agrave;i nguy&ecirc;n khối bằng hợp kim magi&ecirc; cao cấp, hạn chế b&aacute;m dấu v&acirc;n tay v&agrave; chống trầy xước khi sử dụng.</p><p><img src=\"https://cdn.trangcongnghe.com/uploads/posts/2019-10/dell-tung-laptop-chay-chip-core-the-he-10-dau-tien-tai-viet-nam-gia-tu-1259-trieu-2.png\" alt=\"\" class=\"fr-fic fr-dii\"></p><p>Đặc biệt với mẫu laptop lai của d&ograve;ng 7000-series l&agrave; Inspiron 13 &ldquo;2-trong-1&rdquo; 7391, vị tr&iacute; đặt b&uacute;t Active pen được thiết kế lại an to&agrave;n hơn, tr&aacute;nh thất lạc trong qu&aacute; tr&igrave;nh di chuyển. Th&uacute; vị kh&ocirc;ng k&eacute;m l&agrave; mẫu laptop mỏng nhẹ nhất của d&ograve;ng 14 inch Inspiron 7490 với c&acirc;n nặng chỉ 1,09 kg v&agrave; 1,21 kg với phi&ecirc;n bản trang bị m&agrave;n h&igrave;nh cảm ứng. B&ecirc;n cạnh đ&oacute;, sản phẩm cũng hỗ trợ sạc qua adapter chuẩn USB PD 3.0 (USB Power Delivery) 65 watt.</p><p>Việc sử dụng cổng sạc chuẩn USB PD 3.0 được xem l&agrave; giải ph&aacute;p tiện dụng với người d&ugrave;ng thường xuy&ecirc;n di chuyển. Bạn chỉ cần d&ugrave;ng chung adapter cho nhiều thiết bị kh&aacute;c nhau qua cổng USB type C m&agrave; kh&ocirc;ng phải quan t&acirc;m đến sự kh&aacute;c biệt về c&ocirc;ng suất giữa c&aacute;c thiết bị cũng như khả năng đ&aacute;p ứng của adapter. Đ&acirc;y cũng l&agrave; điều m&agrave; Dell quan t&acirc;m nhằm mang lại sự tiện dụng, thoải m&aacute;i hơn đối với người d&ugrave;ng.</p><p><img src=\"https://cdn.trangcongnghe.com/uploads/posts/2019-10/dell-tung-laptop-chay-chip-core-the-he-10-dau-tien-tai-viet-nam-gia-tu-1259-trieu-3.jpg\" alt=\"\" class=\"fr-fic fr-dii\"></p><p>Một số cải tiến kh&aacute;c của Inspiron 7000-series như hệ thống bản lề mới, tạo thế tựa chắc chắn để sử dụng b&agrave;n ph&iacute;m một c&aacute;ch tự nhi&ecirc;n cũng như gi&uacute;p tản nhiệt hiệu quả. C&ocirc;ng nghệ Adaptive Thermal th&ocirc;ng minh với cơ chế tự động chuyển đổi chế độ tản nhiệt ph&ugrave; hợp theo trạng th&aacute;i sử dụng. C&ocirc;ng nghệ sạc nhanh ExpressCharge cho ph&eacute;p sạc đến 80% dung lượng pin chỉ trong 60 ph&uacute;t, r&uacute;t ngắn thời gian chờ đợi của người d&ugrave;ng.</p><h3><strong>DELL VOSTRO 2019</strong></h3><p>Tương tự Inspiron, c&aacute;c mẫu Vostro d&agrave;nh cho doanh nghiệp vừa v&agrave; nhỏ cũng c&oacute; sự thay đổi cả về phần cứng lẫn thiết kế sản phẩm. K&iacute;ch cỡ mỏng nhẹ hơn, lớp vỏ ngo&agrave;i chất liệu hợp kim nh&ocirc;m với kết cấu liền mạch l&agrave; những thay đổi dễ nhận thấy của sản phẩm trong năm 2019. Chẳng hạn Vostro 5000 13-5390 chỉ nặng 1,18 kg, &aacute;p ứng ti&ecirc;u chuẩn của laptop di động, hướng đến người d&ugrave;ng thường xuy&ecirc;n di chuyển.</p><p><img src=\"https://cdn.trangcongnghe.com/uploads/posts/2019-10/dell-tung-laptop-chay-chip-core-the-he-10-dau-tien-tai-viet-nam-gia-tu-1259-trieu-4.jpg\" alt=\"\" class=\"fr-fic fr-dii\"></p><p>Sản phẩm cũng trang bị một số c&ocirc;ng nghệ, t&iacute;nh năng ti&ecirc;n tiến như Adaptive Thermal tự chuyển đổi chế độ tản nhiệt theo trạng th&aacute;i sử dụng. C&ocirc;ng nghệ sạc nhanh ExpressCharge cho ph&eacute;p sạc đến 80% dung lượng pin chỉ trong 60 ph&uacute;t. Ứng dụng Dell Mobile Connect như một giải ph&aacute;p hữu hiệu kết nối giữa laptop v&agrave; điện thoại, cho ph&eacute;p người d&ugrave;ng thực hiện cuộc gọi, gửi/nhận tin nhắn trực tiếp ngay tr&ecirc;n m&agrave;n h&igrave;nh laptop.</p><p>C&aacute;c mẫu Vostro mới c&ograve;n c&agrave;i sẵn bộ tiện &iacute;ch My Dell gi&uacute;p kiểm so&aacute;t m&aacute;y t&iacute;nh đơn giản, hiệu quả hơn. Th&ocirc;ng qua một số c&ocirc;ng cụ t&iacute;ch hợp, bộ ứng dụng tiện &iacute;ch n&agrave;y gi&uacute;p duy tr&igrave; hiệu suất hoạt động của m&aacute;y, kiểm tra t&igrave;nh trạng phần cứng, cập nhật tr&igrave;nh điều khiển, tối ưu kết nối mạng, dọn dẹp c&aacute;c tập tin tạm hệ thống kh&ocirc;ng d&ugrave;ng đến, v..v.. B&ecirc;n cạnh đ&oacute;, My Dell cũng cung cấp ch&iacute;nh x&aacute;c cấu h&igrave;nh phần cứng m&aacute;y t&iacute;nh, gi&uacute;p việc chẩn đo&aacute;n dễ d&agrave;ng hơn khi hệ thống gặp sự cố, khi bạn cần hỗ trợ kỹ thuật từ trung t&acirc;m bảo h&agrave;nh của Dell.</p><p><img src=\"https://cdn.trangcongnghe.com/uploads/posts/2019-10/dell-tung-laptop-chay-chip-core-the-he-10-dau-tien-tai-viet-nam-gia-tu-1259-trieu-5.png\" alt=\"\" class=\"fr-fic fr-dii\"></p>', '<p>Laptop chạy chip core thế hệ 10 đầu ti&ecirc;n tại Việt Nam</p>', '2019-11-13 04:25:33'),
(3, 'Australia bác tin không sử dụng máy tính Lenovo', 'upload/4.PNG', '<p>Bộ quốc ph&ograve;ng Australia đ&atilde; ch&iacute;nh thức phủ nhận th&ocirc;ng tin về việc cơ quan quốc ph&ograve;ng nước n&agrave;y kh&ocirc;ng sử dụng m&aacute;y t&iacute;nh Lenovo của Trung Quốc v&igrave; l&yacute; do bảo mật.</p>', '<p>Bộ quốc ph&ograve;ng Australia đ&atilde; ch&iacute;nh thức phủ nhận th&ocirc;ng tin về việc cơ quan quốc ph&ograve;ng nước n&agrave;y kh&ocirc;ng sử dụng m&aacute;y t&iacute;nh Lenovo của Trung Quốc v&igrave; l&yacute; do bảo mật.</p><p data-empty=\"true\"><br></p><table cellpadding=\"10\" width=\"150\"><tbody><tr><td><img src=\"https://cdnmedia.baotintuc.vn/2013/08/09/18/01/0908Lenove.jpg\" class=\"fr-fic fr-dii\"><br><p align=\"justify\">Một gian h&agrave;ng trưng b&agrave;y sản phẩn m&aacute;y t&iacute;nh Lenovo. Ảnh: Internet</p></td></tr></tbody></table><p>Phản hồi tờ Financial Review về y&ecirc;u cầu x&aacute;c nhận rằng sản phẩm m&aacute;y t&iacute;nh Lenovo kh&ocirc;ng được ph&eacute;p sử dụng tr&ecirc;n hệ thống mạng quốc ph&ograve;ng v&agrave; mạng tối mật của Bộ Quốc ph&ograve;ng Australia, bộ n&agrave;y cho biết: &quot;Bộ Quốc ph&ograve;ng c&oacute; một quy tr&igrave;nh kiểm định chất lượng đối với tất cả c&aacute;c thiết bị được sử dụng tr&ecirc;n c&aacute;c mạng quốc ph&ograve;ng. Chưa c&oacute; một y&ecirc;u cầu n&agrave;o của Bộ Quốc ph&ograve;ng về việc thẩm định sản phẩm m&aacute;y t&iacute;nh Lenovo đối với c&aacute;c hệ thống bảo mật hoặc hệ thống th&ocirc;ng thường&quot;.‪</p><p data-empty=\"true\"><br></p><p>Trong một diễn biến kh&aacute;c, phản ứng về c&aacute;c b&agrave;i b&aacute;o đăng tr&ecirc;n tờ Financial Review của &Uacute;c ng&agrave;y 27 v&agrave; 29/7, đại diện một c&ocirc;ng ty phụ tr&aacute;ch PR của Lenovo cũng cho biết: &nbsp;&ldquo;Lenovo kh&ocirc;ng c&oacute; bất kỳ b&igrave;nh luận g&igrave; th&ecirc;m về những b&aacute;o c&aacute;o gần đ&acirc;y tr&ecirc;n tờ Australia Financial Review. Ch&uacute;ng t&ocirc;i muốn đưa ra một tuy&ecirc;n bố c&ocirc;ng khai của Bộ Quốc ph&ograve;ng Australia ngay tr&ecirc;n trang web của họ, theo đ&oacute;: B&aacute;o c&aacute;o n&agrave;y thực sự l&agrave; sai sự thật. Kh&ocirc;ng c&oacute; việc Bộ Quốc Ph&ograve;ng cấm sử dụng thiết bị/sản phẩm của Lenovo đối với cả c&aacute;c hệ thống đ&atilde; được x&aacute;c định hay chưa x&aacute;c định&rdquo;.</p><p data-empty=\"true\"><br></p><p>Trước đ&oacute;, theo đ&agrave;i tiếng n&oacute;i nước Nga, cơ quan tình báo của Anh v&agrave; một số cơ quan tình báo của Canada, New Zealand v&agrave; Mỹ đã ngừng sử dụng các m&aacute;y t&iacute;nh do C&ocirc;ng ty Lenovo (Trung Qu&ocirc;́c) sản xu&acirc;́t trong các hoạt động b&iacute; mật của họ. L&yacute; do ch&iacute;nh của việc tẩy chay là sự lo ngại các máy tính này dễ bị kẻ gian x&acirc;m nhập v&agrave; trộm th&ocirc;ng tin mật.</p>', '<p><br></p><h1>Australia b&aacute;c tin kh&ocirc;ng sử dụng m&aacute;y t&iacute;nh Lenovo</h1>', '2019-11-13 05:05:03');

-- --------------------------------------------------------

--
-- Table structure for table `tbl_user`
--

CREATE TABLE `tbl_user` (
  `id_user` int NOT NULL,
  `fullName` varchar(255) CHARACTER SET utf8mb4 COLLATE utf8mb4_general_ci DEFAULT NULL,
  `username` varchar(128) CHARACTER SET utf8mb4 COLLATE utf8mb4_general_ci NOT NULL,
  `password` varchar(255) CHARACTER SET utf8mb4 COLLATE utf8mb4_general_ci NOT NULL,
  `phone` varchar(11) CHARACTER SET utf8mb4 COLLATE utf8mb4_general_ci NOT NULL,
  `email` varchar(255) CHARACTER SET utf8mb4 COLLATE utf8mb4_general_ci NOT NULL,
  `gioitinh` tinyint NOT NULL,
  `address` varchar(255) CHARACTER SET utf8mb4 COLLATE utf8mb4_general_ci DEFAULT NULL,
  `dateCreate` datetime NOT NULL,
  `role` tinyint NOT NULL,
  `code` varchar(64) CHARACTER SET utf8mb4 COLLATE utf8mb4_general_ci DEFAULT NULL
) ENGINE=InnoDB DEFAULT CHARSET=utf8mb4 COLLATE=utf8mb4_general_ci;

--
-- Dumping data for table `tbl_user`
--

INSERT INTO `tbl_user` (`id_user`, `fullName`, `username`, `password`, `phone`, `email`, `gioitinh`, `address`, `dateCreate`, `role`, `code`) VALUES
(25, 'vankhanh', 'vankhanh', '202cb962ac59075b964b07152d234b70', '03123123', 'vankhanh03@gmail.com', 1, '88/26 Phan Sào Nam, phường 11, quận Tân Bình', '2024-05-25 14:35:49', 2, NULL),
(34, 'phạm trần quang thắng', 'phamthang03', '202cb962ac59075b964b07152d234b70', '0937641656', 'phamtranquangthang30@gmail.com', 1, '88/26 Phan Sào Nam, phường 11, quận Tân Bình', '2024-05-29 11:06:01', 0, '');

--
-- Indexes for dumped tables
--

--
-- Indexes for table `tbl_hangsx`
--
ALTER TABLE `tbl_hangsx`
  ADD PRIMARY KEY (`id_hangsx`);

--
-- Indexes for table `tbl_loaisp`
--
ALTER TABLE `tbl_loaisp`
  ADD PRIMARY KEY (`id_loaisp`);

--
-- Indexes for table `tbl_oder`
--
ALTER TABLE `tbl_oder`
  ADD PRIMARY KEY (`oder`);

--
-- Indexes for table `tbl_oderdetail`
--
ALTER TABLE `tbl_oderdetail`
  ADD PRIMARY KEY (`id`),
  ADD KEY `cfk_oder` (`oder_id`);

--
-- Indexes for table `tbl_slideshow`
--
ALTER TABLE `tbl_slideshow`
  ADD PRIMARY KEY (`id`);

--
-- Indexes for table `tbl_sp`
--
ALTER TABLE `tbl_sp`
  ADD PRIMARY KEY (`id_sp`),
  ADD UNIQUE KEY `id_sp` (`id_sp`),
  ADD KEY `cfk_hang` (`id_hangsx`),
  ADD KEY `cfk_loai` (`id_loaisp`);

--
-- Indexes for table `tbl_tin`
--
ALTER TABLE `tbl_tin`
  ADD PRIMARY KEY (`id_tin`);

--
-- Indexes for table `tbl_user`
--
ALTER TABLE `tbl_user`
  ADD PRIMARY KEY (`id_user`) USING BTREE,
  ADD UNIQUE KEY `username` (`username`),
  ADD UNIQUE KEY `id_user` (`id_user`),
  ADD KEY `username_2` (`username`);

--
-- AUTO_INCREMENT for dumped tables
--

--
-- AUTO_INCREMENT for table `tbl_hangsx`
--
ALTER TABLE `tbl_hangsx`
  MODIFY `id_hangsx` int NOT NULL AUTO_INCREMENT, AUTO_INCREMENT=8;

--
-- AUTO_INCREMENT for table `tbl_oder`
--
ALTER TABLE `tbl_oder`
  MODIFY `oder` int NOT NULL AUTO_INCREMENT, AUTO_INCREMENT=141;

--
-- AUTO_INCREMENT for table `tbl_oderdetail`
--
ALTER TABLE `tbl_oderdetail`
  MODIFY `id` int NOT NULL AUTO_INCREMENT, AUTO_INCREMENT=167;

--
-- AUTO_INCREMENT for table `tbl_sp`
--
ALTER TABLE `tbl_sp`
  MODIFY `id_sp` int NOT NULL AUTO_INCREMENT, AUTO_INCREMENT=65;

--
-- AUTO_INCREMENT for table `tbl_tin`
--
ALTER TABLE `tbl_tin`
  MODIFY `id_tin` int NOT NULL AUTO_INCREMENT, AUTO_INCREMENT=7;

--
-- AUTO_INCREMENT for table `tbl_user`
--
ALTER TABLE `tbl_user`
  MODIFY `id_user` int NOT NULL AUTO_INCREMENT, AUTO_INCREMENT=36;

--
-- Constraints for dumped tables
--

--
-- Constraints for table `tbl_oderdetail`
--
ALTER TABLE `tbl_oderdetail`
  ADD CONSTRAINT `cfk_oder` FOREIGN KEY (`oder_id`) REFERENCES `tbl_oder` (`oder`);

--
-- Constraints for table `tbl_sp`
--
ALTER TABLE `tbl_sp`
  ADD CONSTRAINT `cfk_hang` FOREIGN KEY (`id_hangsx`) REFERENCES `tbl_hangsx` (`id_hangsx`),
  ADD CONSTRAINT `cfk_loai` FOREIGN KEY (`id_loaisp`) REFERENCES `tbl_loaisp` (`id_loaisp`);
COMMIT;

/*!40101 SET CHARACTER_SET_CLIENT=@OLD_CHARACTER_SET_CLIENT */;
/*!40101 SET CHARACTER_SET_RESULTS=@OLD_CHARACTER_SET_RESULTS */;
/*!40101 SET COLLATION_CONNECTION=@OLD_COLLATION_CONNECTION */;
